Run,BSH enzyme,Inhibitor,Replicate,Sample ID,TUDCA,TCDCA,TDCA,TCA,TLCA,GUDCA,GCDCA,GDCA,GCA,GLCA
Run 1,Ct,NI,Average,Ct-NI-1,50.6267933333333,6.93058,23.4206066666667,7.29111666666667,1.88688666666667,0.59571,7.73835333333333,16.71289,7.45813,1.12698333333333
Run 1,Ct,NI,SD,Ct-NI-2,3.69420524878266,0.69159275827614,2.08672038592461,0.818124411402895,0.165573501603769,0.213813243977075,0.905578164507809,1.60435503829421,1.54130853883964,0.150720214415099
Run 1,Ct,NI,CV (%),Ct-NI-3,7.29693706741318,9.9788583102156,8.90976231155672,11.2208382996143,8.7749574221258,35.8921696760294,11.7024659575441,9.59950695717024,20.6661527600034,13.3737749225898
Run 2,Ct,NI,Average,Ct-NI-1,34.43204,8.54107,13.8449433333333,7.39797666666667,0.933436666666667,0.128693333333333,3.11269333333333,11.9437166666667,5.60043666666667,1.05953333333333
Run 2,Ct,NI,SD,Ct-NI-2,1.66108039639868,1.11065647645886,1.23223498856076,1.00423837560279,0.0204757767455433,0.00770135269503568,0.361748701771455,1.10724295989333,0.741240184173344,0.0302233623763693
Run 2,Ct,NI,CV (%),Ct-NI-3,4.82422881827124,13.0037158864037,8.90025303024543,13.5745004458803,2.19359036094682,5.98426701334104,11.6217263646742,9.27050591365329,13.2353998141813,2.85251642638609
Run 3,Ct,NI,Average,Ct-NI-1,60.2202126666667,31.2919086666667,22.715787,20.203853,5.765408,19.829053,21.2958036666667,16.728769,14.7890996666667,2.294423
Run 3,Ct,NI,SD,Ct-NI-2,8.01646210382843,4.05301011284284,2.61203521524366,2.61117802156479,1.01161727890196,12.971241309781,3.26875931882944,2.17039409186465,1.77330653558101,0.427825597652829
Run 3,Ct,NI,CV (%),Ct-NI-3,13.3119126433536,12.9522623756098,11.4987661014943,12.9241586818355,17.5463259304799,65.4153343065904,15.3493118644114,12.9740215306019,11.9906321246714,18.6463262289835
Run 4,Ct,NI,Average,Ct-NI-1,52.4032636666667,22.129605,16.4276483333333,12.7848716666667,3.68138266666667,47.178818,13.0139683333333,10.7660033333333,8.219161,1.10943133333333
Run 4,Ct,NI,SD,Ct-NI-2,1.64152953827622,0.709260292482245,0.558201648206393,0.587496504249458,0.522031229646592,5.23520251473112,0.757222289761952,0.612591926151768,0.285710183372942,0.40380534932605
Run 4,Ct,NI,CV (%),Ct-NI-3,3.13249485512557,3.2050291565631,3.39794008783197,4.59524756733543,14.1803033510577,11.096510545752,5.81853490316587,5.69005885642896,3.47614778896462,36.3975071907155
Run 5,Ct,NI,Average,Ct-NI-1,85.510523,15.901586,11.3868223333333,9.40729533333333,3.800919,5.31706533333333,10.658028,7.705848,4.10992266666667,1.930593
Run 5,Ct,NI,SD,Ct-NI-2,6.20981701445695,0.590274193029816,0.410150457813146,0.126789736944018,0.348118626630349,2.69553476172583,0.833827426681924,0.308465513714256,0.126418504912585,0.219548221384278
Run 5,Ct,NI,CV (%),Ct-NI-3,7.2620500923108,3.71204603760792,3.60197468447794,1.34778097690585,9.15880150643434,50.6959119879004,7.82346815641622,4.00300542801073,3.07593390838947,11.372061402081
Run 6,Ct,NI,Average,Ct-NI-1,146.554594333333,31.8867976666667,20.4284296666667,17.376853,9.610883,48.1038343333333,24.1715066666667,16.413115,8.658166,5.57409266666667
Run 6,Ct,NI,SD,Ct-NI-2,6.34188963779853,1.44235428632231,0.710214284770683,0.538554627870748,0.352492806345037,20.2892115157009,1.18471422636108,0.606868970819072,0.319175295718513,0.223228927922286
Run 6,Ct,NI,CV (%),Ct-NI-3,4.32732229695518,4.52335885654048,3.47659754743434,3.09926445180119,3.66764225872937,42.1779506704346,4.90128415534328,3.69746371008228,3.68640767246219,4.00475810632294
Run 1,JL885,NI,Average,JL885-NI-1,0.117833333333333,0.0274533333333333,0.02846,0.0441633333333333,0.0058,0.0104933333333333,0.0199266666666667,0.00267,0.174293333333333,0.00368
Run 1,JL885,NI,SD,JL885-NI-2,0.0285236819736396,0.00699261276872482,0.0143711620963651,0.0298370178357914,0.00533241971341341,0.0062529219836276,0.00558161565618176,0.00152685952202552,0.134931553142078,0.00073613857391119
Run 1,JL885,NI,CV (%),JL885-NI-3,24.2068022407126,25.4709061512561,50.4960017440798,67.5606109950745,91.9382709209209,59.5894725250409,28.010784490708,57.1857498885963,77.4163592843931,20.0037655954128
Run 6,JL885,NI,Average,JL885-NI-1,0.241927666666667,0.102875,0.0876876666666667,0.042561,0.0475546666666667,1.08955866666667,0.169196,6.33614233333333,4.86421966666667,0.0498296666666667
Run 6,JL885,NI,SD,JL885-NI-2,0.0332148222986867,0.00715012314579267,0.00465939806555883,0.0083475680290729,0.0082027142052697,0.537760711671403,0.00551283946800558,0.0774301242691327,0.0564015360813279,0.00810973891893773
Run 6,JL885,NI,CV (%),JL885-NI-3,13.729236823687,6.95030196431851,5.31362988967528,19.6131858487181,17.2490205067915,49.3558289354529,3.25825638195086,1.22203890310018,1.15951868843083,16.2749210689838
Run 1,JL885,R,Average,JL885-R-1,0.132863333333333,0.0261233333333333,0.0348066666666667,0.07959,0.00524,0.00788666666666667,0.02336,0.00260666666666667,0.29542,0.00337333333333333
Run 1,JL885,R,SD,JL885-R-2,0.0276164196327716,0.00159199036848008,0.0108992400346691,0.0167897677172735,0.00267260172865319,0.0028555268048704,0.0107161746906254,0.000427707064862545,0.0674679190430533,0.00379874101951335
Run 1,JL885,R,CV (%),JL885-R-3,20.7855839078539,6.09413181758357,31.3136564872699,21.0953231778785,51.0038497834578,36.2070178132341,45.8740354906909,16.4081994192792,22.8379659613612,112.610899787945
Run 1,JL885,CAPE,Average,JL885-CAPE-1,0.0882566666666667,0.0302,0.0427133333333333,0.0686766666666667,0.0120033333333333,0.00953666666666667,0.0143333333333333,0.00318333333333333,0.210316666666667,0.00071
Run 1,JL885,CAPE,SD,JL885-CAPE-2,0.0349660654539989,0.0252111542774225,0.00229325823520452,0.0242867336900896,0.00400255335171604,0.00449366591251879,0.00448018228795808,0.00269251431441568,0.0044562802126138,0.00063663176169588
Run 1,JL885,CAPE,CV (%),JL885-CAPE-3,39.6186110065327,83.4806433027235,5.36895169784108,35.3638795662131,33.3453486674484,47.1198802431191,31.2570857299402,84.5816014999691,2.11884311559416,89.6664453092789
Run 1,JL885,CAC,Average,JL885-CAC-1,0.0578633333333333,0.00944333333333333,0.0269933333333333,0.0390033333333333,0.00236,0.00418,0.0308433333333333,0.00153333333333333,0.428383333333333,0.00191
Run 1,JL885,CAC,SD,JL885-CAC-2,0.00864690888892287,0.0018258240148857,0.00691761760531278,0.0103593066048521,0.00127859297667397,0.0016876907299621,0.0139589409817985,0.000843879928267839,0.237719489595055,0.00164775604990545
Run 1,JL885,CAC,CV (%),JL885-CAC-3,14.9436757110252,19.3345289257222,25.6271336329197,26.5600545376945,54.1776685031343,40.3753763148828,45.2575628935432,55.0356474957288,55.4922358312388,86.2699502568298
Run 1,JL885,I,Average,JL885-I-1,0.0827266666666667,0.0165566666666667,0.04708,0.0824766666666667,0.00351666666666667,0.01232,0.00834333333333333,0.00256666666666667,0.263466666666667,0.00349666666666667
Run 1,JL885,I,SD,JL885-I-2,0.00923199508954231,0.00164806957781925,0.0120388039273011,0.0266764921482067,0.00231530415568524,0.00318698917475413,0.00104892007957391,0.00123309907685203,0.250484610372241,0.00183532921660756
Run 1,JL885,I,CV (%),JL885-I-3,11.1596362594193,9.95411462343012,25.570951417377,32.3442898777917,65.8380328630873,25.8684186262511,12.5719546093557,48.0428211760531,95.0726000906784,52.4879661565555
Run 1,JL885,II,Average,JL885-II-1,0.07263,0.0261433333333333,0.0493066666666667,0.0627466666666667,0.00721,0.00620666666666667,0.0104033333333333,0.00199666666666667,0.406243333333333,0.00350666666666667
Run 1,JL885,II,SD,JL885-II-2,0.0104801574415655,0.00610970812177909,0.00787566716750609,0.0264054205293787,0.0043780817717352,0.00756957286333472,0.00197773439403104,0.00146291945551809,0.219368924949122,0.00181621401088455
Run 1,JL885,II,CV (%),JL885-II-3,14.4295159597487,23.3700425415495,15.9728241634115,42.0825869040247,60.7223546703911,121.958746455447,19.0105837298723,73.2680862529927,53.999390746709,51.7931752153388
Run 1,JL885,III,Average,JL885-III-1,0.0619033333333333,0.01287,0.03364,0.0447566666666667,0.00622333333333333,0.00245,0.00937,0.00246333333333333,0.202446666666667,0.00223666666666667
Run 1,JL885,III,SD,JL885-III-2,0.0141191548377845,0.00257447081941124,0.00556824029653893,0.0202713007311651,0.000941293436359424,0.00139667462209349,0.00508943022351225,0.00173506003738583,0.0466727033000375,0.00300317054682769
Run 1,JL885,III,CV (%),JL885-III-3,22.8083918546947,20.0036582704836,16.5524384558232,45.2922485987155,15.1252292934026,57.0071274323873,54.3162243704616,70.4354548329837,23.0543204630211,134.269920126424
Run 1,JL885,IV,Average,JL885-IV-1,0.133836666666667,0.03446,0.0286366666666667,0.0418333333333333,0.00409333333333333,0.0734433333333333,0.0330766666666667,0.00320333333333333,0.13961,0.00254666666666667
Run 1,JL885,IV,SD,JL885-IV-2,0.0200606114895168,0.0190973060927451,0.0067013530971986,0.0131504157095254,0.00111073549206521,0.0540225826236893,0.0193165792347748,0.00284009389516145,0.070334448885308,0.00253279160874584
Run 1,JL885,IV,CV (%),JL885-IV-3,14.9888756117034,55.4187640532359,23.4013028653193,31.4352566761564,27.1352318908439,73.5568228888794,58.3994131858554,88.6605794535313,50.3792342133859,99.4551678826899
Run 1,JL885,V,Average,JL885-V-1,0.239043333333333,0.0437166666666667,0.387923333333333,0.0625366666666667,0.00501666666666667,0.0173966666666667,0.0200233333333333,0.00516,0.169876666666667,0.00261
Run 1,JL885,V,SD,JL885-V-2,0.0144613323498678,0.0126436123530158,0.613631219571929,0.0347500019184652,0.000918168466749612,0.0182089712321518,0.00744497369594637,0.00484554434506589,0.0375142004224178,0.00014
Run 1,JL885,V,CV (%),JL885-V-3,6.04966980179374,28.9217209752553,158.183632394355,55.5674035261423,18.3023614634474,104.669311547146,37.1814900746448,93.9058981601917,22.0831978626166,5.3639846743295
Run 1,JL885,VI,Average,JL885-VI-1,0.0947933333333333,0.0520566666666667,0.05241,0.0598566666666667,0.00594666666666667,0.01422,0.0100433333333333,0.00652666666666667,0.26311,0.00668
Run 1,JL885,VI,SD,JL885-VI-2,0.029999307214223,0.0351665186410787,0.0157401524770251,0.0236445201544318,0.00650389370556848,0.00163502293561895,0.0099111671024826,0.00841559465120162,0.205210337702563,0.00696496231145582
Run 1,JL885,VI,CV (%),JL885-VI-3,31.6470643655211,67.5543035943113,30.0327274890767,39.5018992389015,109.370409847004,11.4980515866312,98.6840401840289,128.941695370811,77.9941232574068,104.265902866105
Run 1,JL885,VII,Average,JL885-VII-1,0.87382,0.0746233333333333,0.0395666666666667,0.10346,0.00417,0.08546,0.03086,0.00194666666666667,0.144793333333333,0.00260333333333333
Run 1,JL885,VII,SD,JL885-VII-2,0.183909695502983,0.0162916706734863,0.00647510102881286,0.0517009081158155,0.000236431808350738,0.0704547776946319,0.0100953008870464,0.000166533279957291,0.108282951720635,0.00290923243026977
Run 1,JL885,VII,CV (%),JL885-VII-3,21.0466338036418,21.83187207775,16.3650405109002,49.9718810321047,5.669827538387,82.4418180372477,32.713223872477,8.55479177862795,74.7844871223136,111.750285413692
Run 1,JL885,VIII,Average,JL885-VIII-1,0.10343,0.02434,0.0423566666666667,0.0286566666666667,0.00526,2.97934,0.00633,0.00270333333333333,0.701143333333333,0.00124333333333333
Run 1,JL885,VIII,SD,JL885-VIII-2,0.033997864638827,0.00933545392576065,0.0117481289290394,0.00465843679074143,0.00478153740966229,3.01189811839644,0.00143377125093231,0.00247245492038446,0.426296346023905,0.00160855007175199
Run 1,JL885,VIII,CV (%),JL885-VIII-3,32.8704095898936,38.3543711000848,27.7361979909642,16.2560316066352,90.9037530354048,101.092796337324,22.6504147066716,91.459491506207,60.8001710573547,129.374000409008
Run 1,JL885,IX,Average,JL885-IX-1,0.154366666666667,0.02978,0.0578633333333333,0.05709,0.00478,0.305816666666667,0.114866666666667,0.0155933333333333,0.28715,0.00468333333333333
Run 1,JL885,IX,SD,JL885-IX-2,0.0242833283001596,0.00336120514101713,0.0101135766835148,0.0142120688149192,0.000975551126287085,0.250462342545408,0.156560838121586,0.0127861344171463,0.106209378587769,0.00172940259434677
Run 1,JL885,IX,CV (%),JL885-IX-3,15.7309403801509,11.2867869073779,17.4783858808367,24.8941475125577,20.4090193783909,81.8995070724533,136.297885770388,81.9974417516866,36.9874207166181,36.9267457867638
Run 1,JL885,X,Average,JL885-X-1,0.12857,0.0220833333333333,0.0633133333333333,0.06764,0.00446333333333333,0.63643,0.01331,0.00749,0.472506666666667,0.00424
Run 1,JL885,X,SD,JL885-X-2,0.0330143483958112,0.00795249227181852,0.0261554207256036,0.0171002309925919,0.00141181915744664,0.92842769190713,0.00351927549362081,0.00271567671124528,0.164343947054138,0.00194455650470744
Run 1,JL885,X,CV (%),JL885-X-3,25.6781118424292,36.0112857591783,41.3110783283199,25.2812403793493,31.6314971795364,145.880566897715,26.4408376680752,36.257365971232,34.7812969949217,45.8621817147981
Run 1,JL885,XI,Average,JL885-XI-1,1.17331,0.0579033333333333,0.482596666666667,0.23454,0.00214,0.0256633333333333,0.214713333333333,0.453636666666667,0.918243333333333,0.0267733333333333
Run 1,JL885,XI,SD,JL885-XI-2,1.90185516554232,0.0615037863333091,0.712765407012246,0.307075035618332,0.000807279381626956,0.0143651673618282,0.351402826017853,0.761023313988036,0.257186806297161,0.0379128531415579
Run 1,JL885,XI,CV (%),JL885-XI-3,162.093152324818,106.218040987812,147.693810638058,130.926509601063,37.7233355900447,55.9754540660926,163.661390078797,167.760538313636,28.0085677685829,141.606772192074
Run 1,JL885,XII,Average,JL885-XII-1,0.0826033333333333,0.0196866666666667,0.0333733333333333,0.0562833333333333,0.00482666666666667,0.016,0.0164533333333333,0.01778,0.09955,0.00578
Run 1,JL885,XII,SD,JL885-XII-2,0.0154749356487623,0.0135646059040922,0.0158686997997105,0.0147076590024835,0.00303259514827372,0.00658767789133622,0.00458305938575242,0.00845957445738259,0.0205660180880986,0.00260628087511688
Run 1,JL885,XII,CV (%),JL885-XII-3,18.7340329067781,68.9025020526186,47.549040550471,26.1314640257332,62.8300099780466,41.1729868208514,27.8548990219961,47.5791589279111,20.6589835139112,45.0913646213993
Run 1,JL885,XIII,Average,JL885-XIII-1,0.0869866666666667,0.01916,0.0511166666666667,0.0979066666666667,0.00386333333333333,0.0315233333333333,0.0246866666666667,0.0288433333333333,0.127886666666667,0.00439666666666667
Run 1,JL885,XIII,SD,JL885-XIII-2,0.0494838320397009,0.00733018417231109,0.0404966039728436,0.0202751111793088,0.00183568334233694,0.0350408295183395,0.0267388113672492,0.0366525433405832,0.0289438807580002,0.000450037035513005
Run 1,JL885,XIII,CV (%),JL885-XIII-3,56.8866861277984,38.2577462020412,79.2238747430914,20.7086114455694,47.5155308629062,111.158389082181,108.312765462797,127.074575316942,22.632445987072,10.2358688896059
Run 1,JL885,XIV,Average,JL885-XIV-1,0.212273333333333,0.0326566666666667,0.09099,0.140983333333333,0.00242333333333333,0.152306666666667,0.0574766666666667,0.08647,0.10904,0.00418333333333333
Run 1,JL885,XIV,SD,JL885-XIV-2,0.256679841891282,0.011269615491814,0.0834880278842422,0.114728177155106,0.00130216486411412,0.242273612333934,0.0726580933780493,0.134526447585596,0.0205060649564952,0.00425354362071595
Run 1,JL885,XIV,CV (%),JL885-XIV-3,120.919494625459,34.5093870321955,91.7551685726368,81.3771205734292,53.7344510638565,159.06960452635,126.41319963704,155.575861669476,18.8060023445481,101.678333562931
Run 1,JL885,XV,Average,JL885-XV-1,0.153843333333333,0.05464,0.08166,0.0803166666666667,0.0105466666666667,0.0131166666666667,0.04503,0.03595,0.179066666666667,0.00439
Run 1,JL885,XV,SD,JL885-XV-2,0.146219967970634,0.0398304745138694,0.0778730100869358,0.0636950369599809,0.00506447759727826,0.00553805320788211,0.0263103078659297,0.0509961096555414,0.0330603468423024,0.000550545184340032
Run 1,JL885,XV,CV (%),JL885-XV-3,95.0447216674762,72.8961832245048,95.3624909220375,79.3048810458363,48.0196990892375,42.2214984082498,58.4283985474788,141.852878040449,18.4625913117846,12.5408925817775
Run 6,JL885,XVI,Average,JL885-XVI-1,0.227385,0.082035,0.0884436666666667,0.0405673333333333,0.0465613333333333,2.09608666666667,0.237417666666667,6.352168,4.43958966666667,0.0548563333333333
Run 6,JL885,XVI,SD,JL885-XVI-2,0.0157270505499283,0.0343579561237277,0.0091352034095215,0.00443250835682611,0.0235322393607862,1.83464102031578,0.0370346392764036,0.347324108102216,0.213546553840921,0.0116779506906534
Run 6,JL885,XVI,CV (%),JL885-XVI-3,6.91648549813237,41.8820699990586,10.3288384050731,10.9262995435394,50.5403038876025,87.5269639128683,15.598939959426,5.46780419066712,4.81005160103582,21.2882450959538
Run 6,JL885,XVII,Average,JL885-XVII-1,0.264645333333333,0.114894,0.0800023333333333,0.0316286666666667,0.060998,2.80611966666667,1.58442333333333,5.78264833333333,3.414891,0.155696333333333
Run 6,JL885,XVII,SD,JL885-XVII-2,0.0425791195932153,0.015602513675687,0.0104300076861589,0.0140851868760529,0.0235259046372291,1.35442296267057,0.263687150330336,0.71611224441168,0.530587351970437,0.037042915305539
Run 6,JL885,XVII,CV (%),JL885-XVII-3,16.0891254181251,13.5799203402153,13.0371293580924,44.5329770758159,38.5683213174679,48.2667570723903,16.6424682585043,12.383811069467,15.5374608434189,23.7917711435331
Run 6,JL885,XVIII,Average,JL885-XVIII-1,0.230757666666667,0.0756043333333333,0.0638006666666667,0.0380773333333333,0.0583376666666667,1.865279,2.53649033333333,4.76193766666667,2.68397466666667,0.28904
Run 6,JL885,XVIII,SD,JL885-XVIII-2,0.0164212644559831,0.0086445487061693,0.00887870521716615,0.0052715918215785,0.0343416398026264,0.900898590282502,0.196023507869167,0.478589157088137,0.341675523698045,0.00911022771394876
Run 6,JL885,XVIII,CV (%),JL885-XVIII-3,7.11623786684577,11.4339328515155,13.9163204415306,13.8444354162892,58.8670095409365,48.2983291122938,7.72813936221719,10.0503028512582,12.7302067318834,3.1518916807185
Run 6,JL885,XIX,Average,JL885-XIX-1,0.348126666666667,0.138035,0.153021666666667,0.0662163333333333,0.0904293333333333,0.386695333333333,0.871162,9.09830533333333,6.02657866666667,0.093233
Run 6,JL885,XIX,SD,JL885-XIX-2,0.0428837062453018,0.0145104960976529,0.00767956211859331,0.00545348478803538,0.0299210351815129,0.117798288121404,0.0857329516405448,0.798768878405596,0.701798290315909,0.00821534545834805
Run 6,JL885,XIX,CV (%),JL885-XIX-3,12.3184203772483,10.5121861105175,5.0186109495997,8.23586041918467,33.0877538057484,30.4628160639998,9.84121801003083,8.77931492889294,11.6450531741599,8.81162834870491
Run 6,JL885,XX,Average,JL885-XX-1,0.261802666666667,0.101023666666667,0.126512,0.04569,0.0644513333333333,0.756990666666667,1.058699,8.645638,6.103614,0.0945443333333333
Run 6,JL885,XX,SD,JL885-XX-2,0.0742193278757854,0.0100420540395545,0.0134133892808641,0.010214576985857,0.0210218639595383,0.562627311505879,0.152752546895297,1.20808570816851,0.576543477065694,0.0123996071443144
Run 6,JL885,XX,CV (%),JL885-XX-3,28.3493399134406,9.94029851706808,10.6024640199065,22.3562639217706,32.6166471232118,74.3242071904733,14.428326360495,13.9733552129815,9.4459360809136,13.1151246268746
Run 2,A,NI,Average,A-NI-1,0.0237333333333333,0.0240466666666667,0.0107066666666667,0.02954,0.00516333333333333,0.01114,0.000146666666666667,0.00250333333333333,1.37850333333333,0.00134
Run 2,A,NI,SD,A-NI-2,0.00425951092654231,0.00603788318314733,0.00166692331357304,0.0244490327007021,0.00254563024285408,0.0161777996031599,0.0000152752523165195,0.00123427441573312,0.246916032151283,0.000939201788754685
Run 2,A,NI,CV (%),A-NI-3,17.9473774994761,25.1090234952065,15.5690222313795,82.7658520673734,49.3020705523709,145.22261762262,10.4149447612633,49.3052363142392,17.9118922806099,70.0896857279616
Run 3,A,NI,Average,A-NI-1,0.00983,0.00649133333333333,0.0121923333333333,0.00803966666666667,0.00108733333333333,1.62157166666667,0.00782433333333333,0.00676,2.90221666666667,0.000989666666666667
Run 3,A,NI,SD,A-NI-2,0.0033281802835784,0.00201053060989713,0.0117964746570038,0.00093042588814657,0.000412892641413399,2.37121708610585,0.0024905843357199,0.00353561522227745,0.221055673223587,0.000573643036507316
Run 3,A,NI,CV (%),A-NI-3,33.8573782663113,30.9725368680877,96.7532164229201,11.5729411022004,37.9729590508952,146.229558325977,31.8312657400405,52.3020003295481,7.61678739435673,57.9632573095974
Run 4,A,NI,Average,A-NI-1,0.062215,0.0318513333333333,0.123021,0.0403806666666667,0.0132233333333333,3.015495,0.049748,0.073422,2.73698133333333,0.009768
Run 4,A,NI,SD,A-NI-2,0.0122960683147094,0.0141090057173896,0.00137699818445777,0.0024714720984331,0.000497925027823801,2.69162948315625,0.0000953886785735079,0.00473444305066604,0.347772695343285,0.000476587872275407
Run 4,A,NI,CV (%),A-NI-3,19.7638323791841,44.2964367291467,1.11931961572233,6.1204341147573,3.76550310933049,89.2599551037641,0.191743745624966,6.44826217028417,12.706432853882,4.8790732214927
Run 5,A,NI,Average,A-NI-1,0.755866666666667,0.326808333333333,0.271700333333333,0.184496333333333,0.0487226666666667,0.210008,0.136539333333333,0.14073,1.16257233333333,0.0312483333333333
Run 5,A,NI,SD,A-NI-2,0.16109956380243,0.0894028895301116,0.0308356250031248,0.0486307857466167,0.00334111752761458,0.315914380375443,0.0292792656556365,0.0166408469435903,0.346290699859718,0.0126966846985082
Run 5,A,NI,CV (%),A-NI-3,21.3132250576508,27.3563677578943,11.3491303543211,26.3586732960999,6.8574192592385,150.429688571599,21.4438322942131,11.8246620788675,29.7865939116952,40.6315580516557
Run 6,A,NI,Average,A-NI-1,0.0926446666666667,0.039082,0.059104,0.0434796666666667,0.0150146666666667,5.94817233333333,0.0229263333333333,0.0851656666666667,3.55227566666667,0.00906133333333333
Run 6,A,NI,SD,A-NI-2,0.0203271818591101,0.00474692984991352,0.0082837703975907,0.00804435580598803,0.00684088827078277,4.95978824003408,0.00469695458071859,0.00472158070282965,0.739523207066779,0.00168320299825462
Run 6,A,NI,CV (%),A-NI-3,21.9410167800018,12.1460770940932,14.0155833743752,18.5014201411879,45.5613729072646,83.3833984977136,20.4871599502112,5.54399547097968,20.8182944247883,18.575665813581
Run 2,A,R,Average,A-R-1,0.0230166666666667,0.0137566666666667,0.00553333333333333,0.108843333333333,0.00221333333333333,0.00279,0.00031,0.69514,1.08008333333333,0.000743333333333333
Run 2,A,R,SD,A-R-2,0.00514945951856438,0.000205993527406405,0.0042383290732709,0.00593034006894489,0.00251239593482662,0.000743572457800852,0.000398497176903425,0.183351352053919,0.085000334901301,0.000249064917909635
Run 2,A,R,CV (%),A-R-3,22.3727422964419,1.49740872842068,76.5963085530886,5.44851015429967,113.511864525299,26.6513425735072,128.54747642046,26.3761763175647,7.86979414254776,33.5064911986056
Run 2,A,CAPE,Average,A-CAPE-1,0.57054,0.0476166666666667,0.0231333333333333,0.13552,0.00197333333333333,0.00616666666666667,0.00387666666666667,0.00717,3.09001666666667,0.00193666666666667
Run 2,A,CAPE,SD,A-CAPE-2,0.918983308716758,0.0161360476366839,0.0268718297354931,0.168963748478779,0.00135662571600767,0.00369218544135223,0.00451940630319219,0.00508604954753687,0.292382330918497,0.00145001149420732
Run 2,A,CAPE,CV (%),A-CAPE-3,161.072546835762,33.8873944067565,116.160647271584,124.678090672062,68.7479247976861,59.8732774273334,116.579698276669,70.9351401330107,9.46216032012222,74.8715057249906
Run 2,A,CAC,Average,A-CAC-1,0.0226966666666667,0.01376,0.00714666666666667,0.03179,0.000226666666666667,0.00198333333333333,0.00184666666666667,0.00338666666666667,2.89472,0.00105
Run 2,A,CAC,SD,A-CAC-2,0.00312292064153627,0.00471678916213138,0.00103852459447686,0.00532059207231676,0.000102632028788938,0.00168387450047007,0.00104901541138981,0.000908423542921105,0.464366043655218,0.00001
Run 2,A,CAC,CV (%),A-CAC-3,13.7593801213229,34.2789910038618,14.5315941391352,16.7366847194613,45.2788362304138,84.9012353178188,56.8058887034192,26.8235298106625,16.041829387824,0.952380952380952
Run 3,A,I,Average,A-I-1,0.005673,0.005021,0.005815,0.00826733333333333,0.000898666666666667,0.064529,0.00510133333333333,0.00492566666666667,1.56344133333333,0.00112333333333333
Run 3,A,I,SD,A-I-2,0.00238897865206033,0.00127582561504306,0.00347520114525764,0.00620654149533646,0.000248508215826627,0.0359303403963837,0.00169647055186152,0.000831226403173848,0.624963881408625,0.000418533551024686
Run 3,A,I,CV (%),A-I-3,42.1113811397908,25.409791177914,59.7627024119972,75.0730767115934,27.6529913753665,55.6809192710002,33.2554342367,16.8754091461159,39.9736061778649,37.258179616441
Run 3,A,II,Average,A-II-1,0.011717,0.00943266666666667,0.0111136666666667,0.007569,0.00191833333333333,0.0759566666666667,0.011834,0.00449033333333333,3.973975,0.001082
Run 3,A,II,SD,A-II-2,0.00442101832160872,0.00270420493552788,0.00245528457278038,0.00209627693781141,0.000486133040775191,0.0350925571928484,0.00407140123299092,0.00183131819554476,1.1913704559586,0.000903026577681964
Run 3,A,II,CV (%),A-II-3,37.7316576052635,28.6685094585612,22.0924798846499,27.6955600186472,25.3414269735113,46.2007598975491,34.4042693340453,40.7835690493229,29.9793143127121,83.4590182700521
Run 3,A,III,Average,A-III-1,0.008623,0.00444433333333333,0.004965,0.00520966666666667,0.00107466666666667,0.134512666666667,0.004929,0.00644533333333333,1.83426066666667,0.000373
Run 3,A,III,SD,A-III-2,0.00309535716840561,0.00109012124707912,0.00114550032736791,0.00214589942293047,0.000403669832082277,0.0978652025049421,0.00164116574421964,0.00170685363559191,0.26893979817114,0.000236095319733365
Run 3,A,III,CV (%),A-III-3,35.8965228853718,24.5283412678119,23.0715070970375,41.1907240948967,37.562329288053,72.7553805378491,33.2961197853447,26.4820071719887,14.6620272166591,63.2963323681944
Run 2,A,IV,Average,A-IV-1,0.06282,0.0119133333333333,0.00618,0.0289466666666667,0.00915,0.00065,0.000786666666666667,0.00467666666666667,2.40774666666667,0.000646666666666667
Run 2,A,IV,SD,A-IV-2,0.0110162107822972,0.0110254720231532,0.00246931164497315,0.00377314634401229,0.00417919848774858,0.000525642464038057,0.00105954392704283,0.003585154575933,0.222884589492709,0.000637913264741637
Run 2,A,IV,CV (%),A-IV-3,17.5361521526539,92.5473309162275,39.9564991095979,13.0348215477163,45.6743004125528,80.8680713904703,134.687787335953,76.660468480392,9.25697842627583,98.6463811456139
Run 2,A,V,Average,A-V-1,0.0180933333333333,0.0254066666666667,0.00419333333333333,0.0302933333333333,0.00478333333333333,0.00658333333333333,0.000536666666666667,0.00299,0.57031,0.00183
Run 2,A,V,SD,A-V-2,0.00765381821925066,0.0200985679423518,0.0018393024039927,0.0176413274254897,0.000931790391307687,0.00176500236071608,0.000342393535764525,0.0009559811713627,0.100407532087986,0.00187800425984607
Run 2,A,V,CV (%),A-V-3,42.3018693031541,79.1074571333709,43.8625374561058,58.235015709143,19.4799384942374,26.8101624412569,63.8000377200978,31.9726144268462,17.6057814325518,102.623183598146
Run 2,A,VII,Average,A-VII-1,0.268753333333333,0.0553266666666667,0.0685833333333333,0.0398666666666667,0.0193466666666667,0.00917666666666667,0.01059,0.0453033333333333,0.482516666666667,0.00580666666666667
Run 2,A,VII,SD,A-VII-2,0.400427968845001,0.0392883142083411,0.100496998130956,0.00842555833956025,0.0191219254609292,0.00224268440341777,0.0143063307664824,0.0623334792333408,0.082387967770381,0.00434075262291383
Run 2,A,VII,CV (%),A-VII-3,148.994605528614,71.0115330913503,146.532682572475,21.1343436611043,98.8383466278213,24.4389873238406,135.092830656113,137.59137495403,17.0746366834405,74.7546375932347
Run 3,A,VIII,Average,A-VIII-1,0.008807,0.004835,0.007094,0.00738666666666667,0.001167,0.193174,0.007906,0.00420166666666667,2.01505233333333,0.000413333333333333
Run 3,A,VIII,SD,A-VIII-2,0.00112132198765564,0.00147854286376824,0.00102642535042739,0.000944373513676307,0.000328720245801806,0.0576705386050798,0.00128813004001925,0.000850508279403166,0.72269420355385,0.000167527112233612
Run 3,A,VIII,CV (%),A-VIII-3,12.732167453794,30.5799971823835,14.4689223347532,12.7848399865926,28.1679730764187,29.8541929064366,16.2930690617158,20.2421645236771,35.8647858221309,40.5307529597449
Run 2,A,IX,Average,A-IX-1,2.78991,0.234883333333333,0.507106666666667,0.07536,0.111263333333333,0.0136833333333333,0.08212,0.459006666666667,0.319713333333333,0.0956266666666667
Run 2,A,IX,SD,A-IX-2,4.78514881875162,0.382107271892767,0.871773099454975,0.0986358438905452,0.172790202943724,0.0073492335201253,0.137915744206381,0.737496114046259,0.148123008791117,0.163058349167816
Run 2,A,IX,CV (%),A-IX-3,171.516243131557,162.679602026297,171.911188859998,130.886204737985,155.298423808734,53.7093801714396,167.944160017512,160.672200994813,46.3299441555301,170.515563128642
Run 2,A,X,Average,A-X-1,0.03329,0.0176066666666667,0.00999333333333333,0.0277233333333333,0.01007,0.0111766666666667,0.000706666666666667,0.000903333333333333,0.251293333333333,0.00181666666666667
Run 2,A,X,SD,A-X-2,0.00587287834030299,0.00978178068315444,0.00659025290359432,0.00823020250864663,0.0039937325899464,0.00189373528597144,0.000298384539367128,0.000402657836547773,0.0558584750358738,0.000725143663926903
Run 2,A,X,CV (%),A-X-3,17.6415690606879,55.5572549213617,65.9464933648531,29.6869153852831,39.659707943857,16.9436500385157,42.2242272689332,44.574668252521,22.2283951169446,39.9161649868019
Run 4,A,XI,Average,A-XI-1,0.096958,0.0502033333333333,0.172803666666667,0.068279,0.0127376666666667,0.0676086666666667,0.0442933333333333,0.0637876666666667,2.84545966666667,0.007837
Run 4,A,XI,SD,A-XI-2,0.0638395099683574,0.0107889503814474,0.0167739179780197,0.0279646945093273,0.00229311934563671,0.093975803318372,0.00579163891600066,0.00901147958624627,0.259824210493043,0.00263610565038657
Run 4,A,XI,CV (%),A-XI-3,65.8424368988195,21.4905060383389,9.70692248699565,40.9565086034173,18.0026641114545,138.999640063461,13.0756447531622,14.1273071381295,9.13118585150833,33.6366677349314
Run 4,A,XII,Average,A-XII-1,0.06844,0.04562,0.160149666666667,0.0423793333333333,0.0140293333333333,0.0523686666666667,0.0467626666666667,0.0738386666666667,2.86154133333333,0.007905
Run 4,A,XII,SD,A-XII-2,0.0143642049205656,0.00222621719515415,0.00543239333382012,0.0044922841999737,0.00471663877494698,0.064926862740574,0.0145563398673339,0.00489436424199643,0.118466586412935,0.0033584366898901
Run 4,A,XII,CV (%),A-XII-3,20.9880258921181,4.87991493896131,3.3920728321758,10.6001766583721,33.619835404013,123.980362444287,31.1281218650217,6.62845696292335,4.13995719834445,42.484967614043
Run 4,A,XIII,Average,A-XIII-1,0.0978913333333333,0.0881776666666667,0.176388666666667,0.0412253333333333,0.026443,0.125611666666667,0.0537446666666667,0.068794,3.63939933333333,0.0121736666666667
Run 4,A,XIII,SD,A-XIII-2,0.0249065106816136,0.0584468716214421,0.0107582659538298,0.00260343049327869,0.0116610162078611,0.122849841051315,0.00312059134353304,0.00611609295220405,0.394194497052322,0.00409256207446305
Run 4,A,XIII,CV (%),A-XIII-3,25.4430191453247,66.283078052389,6.09918208303053,6.31512296632821,44.0986885295205,97.8012984871214,5.80632746852346,8.89044531820224,10.8313065137394,33.6181545505028
Run 5,A,XIV,Average,A-XIV-1,1.09623633333333,0.386174666666667,0.432939333333333,0.318934,0.0773383333333333,2.87974833333333,0.203367333333333,0.198525666666667,1.64335,0.0229563333333333
Run 5,A,XIV,SD,A-XIV-2,0.910579578134901,0.1797520439448,0.117570028703464,0.211888336198574,0.0121431904511678,0.914763462709532,0.068183637291753,0.0455188779555618,0.208778325448309,0.0102050531764089
Run 5,A,XIV,CV (%),A-XIV-3,83.0641669544101,46.5468243933142,27.1562363710999,66.4364213908125,15.7013862696392,31.7653960285719,33.5273301636873,22.9284599416507,12.7044345664836,44.4541949632298
Run 2,A,XV,Average,A-XV-1,1.2233,0.105326666666667,0.29307,0.07036,0.03785,0.0158366666666667,0.0457433333333333,0.260556666666667,0.359883333333333,0.0286233333333333
Run 2,A,XV,SD,A-XV-2,2.06502133279538,0.159592265581178,0.492067770027666,0.0408565894318163,0.0596177557444089,0.0152523451748685,0.0725619613387988,0.447704085343582,0.0642420456814175,0.0458625275506413
Run 2,A,XV,CV (%),A-XV-3,168.807433401077,151.521234490643,167.901105547366,58.0679213073,157.510583208478,96.3103252464858,158.628495238939,171.82599511696,17.850797670009,160.227765985704
Run 5,A,XVI,Average,A-XVI-1,1.33074233333333,0.51421,0.471961,0.343348,0.0703333333333333,0.880879333333333,0.19645,0.171174,1.83324133333333,0.0374263333333333
Run 5,A,XVI,SD,A-XVI-2,0.633773067149696,0.176576275292011,0.129534841988555,0.140598310932244,0.0302040630103523,0.850864243378656,0.0476326546394383,0.0306968668922416,0.291820671691252,0.00553423403311907
Run 5,A,XVI,CV (%),A-XVI-3,47.6255283441822,34.3393312638827,27.4460902465574,40.9492150623402,42.9441654175625,96.592599142825,24.2467063575659,17.933136394687,15.9182899918934,14.7870056727948
Run 5,A,XVII,Average,A-XVII-1,0.392923,0.261625666666667,0.275705666666667,0.087186,0.0780676666666667,1.41593333333333,0.108341,0.118268,2.32308233333333,0.031779
Run 5,A,XVII,SD,A-XVII-2,0.0516892487563903,0.0350258297879341,0.0147137684613199,0.0101086328947094,0.00340563391064473,2.00967582375724,0.0146448192887451,0.0292018466368139,0.574378174724922,0.00668696440845919
Run 5,A,XVII,CV (%),A-XVII-3,13.1550580537129,13.3877651356585,5.33676679163403,11.5943303910139,4.36241283499109,141.932941081777,13.5173381164519,24.6912492278671,24.7248307338622,21.0420856806671
Run 5,A,XVIII,Average,A-XVIII-1,0.355103333333333,0.224895,0.248282333333333,0.125732333333333,0.0490133333333333,6.11804266666667,0.0682186666666667,0.106803666666667,8.94645433333333,0.022813
Run 5,A,XVIII,SD,A-XVIII-2,0.131556931950898,0.0325357508596313,0.0512351291335675,0.0197572056813036,0.0100830116698005,0.5337443824841,0.0234841080804303,0.0115410184270424,0.334985240221615,0.0080339653347522
Run 5,A,XVIII,CV (%),A-XVIII-3,37.04750690904,14.4670850217352,20.6358335873948,15.7137031959191,20.5719770194515,8.72410363190395,34.4247538509943,10.8058260425288,3.74433521639409,35.2166104184114
Run 6,A,XIX,Average,A-XIX-1,0.298067333333333,0.0697246666666667,0.0770393333333333,0.0641346666666667,0.0239426666666667,0.51219,0.0492543333333333,0.0737346666666667,3.50809266666667,0.0106826666666667
Run 6,A,XIX,SD,A-XIX-2,0.224697686088071,0.0474051285868242,0.0365655010950668,0.0241995122333764,0.0128670609050138,0.35731997421219,0.0357057041007923,0.0322780387312075,0.323841576134587,0.00527905449236256
Run 6,A,XIX,CV (%),A-XIX-3,75.3848748117555,67.9890358077354,47.4634183772793,37.7323427268296,53.7411353720573,69.7631687874012,72.492513215336,43.7759336149538,9.23127200178255,49.4170103503733
Run 6,A,XX,Average,A-XX-1,0.0966926666666667,0.0400143333333333,0.0408766666666667,0.030911,0.0151986666666667,82.3924036666667,0.0309476666666667,0.0644213333333333,3.89779,0.0337846666666667
Run 6,A,XX,SD,A-XX-2,0.027529194418532,0.0100017185689927,0.00445597131199622,0.0018763078105684,0.00212743797402729,94.1477366067932,0.0213954493837669,0.00451253480134318,0.676195921857711,0.0392629873587496
Run 6,A,XX,CV (%),A-XX-3,28.4708193160446,24.9953397590681,10.9010143814635,6.07003270864223,13.9975303142422,114.267496051802,69.1342892316067,7.00472121245009,17.3481876103564,116.215405485969
Run 2,B,NI,Average,B-NI-1,0.05627,0.0157333333333333,0.0167066666666667,0.0246533333333333,0.01748,0.02426,0.01548,5.57652333333333,2.47749666666667,0.00559666666666667
Run 2,B,NI,SD,B-NI-2,0.0371567665439284,0.0149833251761194,0.0124096830472552,0.00631400295639251,0.00808369346276812,0.00731352856014113,0.00335277497008075,0.954905128498812,0.184543292030172,0.00465120772846508
Run 2,B,NI,CV (%),B-NI-3,66.0329954574878,95.2329990007591,74.2798266994524,25.6111531492395,46.2453859426094,30.1464491349593,21.6587530366974,17.1236641796319,7.44878063866235,83.1067491685243
Run 3,B,NI,Average,B-NI-1,0.008304,0.009116,0.00947933333333333,0.0197043333333333,0.00215633333333333,4.179342,0.008367,1.26613666666667,18.5939793333333,0.000925
Run 3,B,NI,SD,B-NI-2,0.00240824334318607,0.00512276985623988,0.00571434566099508,0.00602630586124977,0.000835401899287602,6.60993958416331,0.00243664359314201,0.417749789928533,0.304690519961375,0.000209716475270781
Run 3,B,NI,CV (%),B-NI-3,29.0010036510847,56.1953691996477,60.2821470672524,30.5836577127693,38.7417792218706,158.157422488117,29.1220699550856,32.9940519792649,1.63865149304086,22.672051380625
Run 4,B,NI,Average,B-NI-1,0.027653,0.0159413333333333,0.031982,0.0430303333333333,0.010587,2.342525,0.087815,0.643969,8.944233,0.0129536666666667
Run 4,B,NI,SD,B-NI-2,0.00864002714116107,0.00467092349898105,0.00726583863019266,0.00875503148671285,0.00045186613061835,2.62347032207418,0.00327546897405547,0.100225618661099,0.435336075218905,0.00369626315801964
Run 4,B,NI,CV (%),B-NI-3,31.2444477675517,29.3007077972214,22.7185248896025,20.3461856056104,4.26812251457778,111.993268890372,3.7299652383482,15.5637334500728,4.86722645998718,28.5344933842642
Run 5,B,NI,Average,B-NI-1,0.16763,0.086927,0.086629,0.0495916666666667,0.0323103333333333,1.07523666666667,0.0791006666666667,0.575420666666667,1.48408666666667,0.0187156666666667
Run 5,B,NI,SD,B-NI-2,0.0153232732795575,0.00691503282710935,0.00590136018219529,0.0114379202800742,0.0101055004989032,1.69702954652455,0.00524000575699429,0.0187360399319956,0.168248320658286,0.00338250932494403
Run 5,B,NI,CV (%),B-NI-3,9.1411282464699,7.95498846976124,6.81222244536505,23.064198178607,31.2763733962402,157.828466897943,6.62447736259402,3.25605961296644,11.3368258362013,18.0731436672165
Run 6,B,NI,Average,B-NI-1,0.139966,0.0412073333333333,0.0421953333333333,0.042336,0.0183033333333333,2.70092966666667,0.154452333333333,5.769428,10.837241,0.0248266666666667
Run 6,B,NI,SD,B-NI-2,0.0970210508652633,0.016909364308966,0.0121764855493419,0.0134518914283457,0.00757316461813246,2.82521058262306,0.0188690763508269,0.507302661513815,0.324816868595213,0.00759689208382832
Run 6,B,NI,CV (%),B-NI-3,69.317584888661,41.034842444628,28.8574223437234,31.7741199649133,41.3758766242896,104.601412524369,12.2167635435487,8.79294553140823,2.99722843291215,30.599726438621
Run 2,B,R,Average,B-R-1,0.0175066666666667,0.0166533333333333,0.00654666666666667,0.24332,0.00882,0.12108,0.731603333333333,7.83198666666667,2.01676333333333,0.00134666666666667
Run 2,B,R,SD,B-R-2,0.00470635031986924,0.00204480642930653,0.0032297419917593,0.0530757015968701,0.00283691734105878,0.0264346666330408,0.123786432751466,0.898312488243002,0.329029874986046,0.00160655947083615
Run 2,B,R,CV (%),B-R-3,26.8831891843254,12.2786615050432,49.334144476975,21.813127402955,32.1645957036143,21.8323972852996,16.9198836461652,11.4697908267166,16.3147489617546,119.298970606645
Run 2,B,CAPE,Average,B-CAPE-1,0.0497033333333333,0.0399066666666667,0.0202133333333333,0.0318,0.0102166666666667,0.0326033333333333,0.0155333333333333,5.49316,4.77194666666667,0.00288333333333333
Run 2,B,CAPE,SD,B-CAPE-2,0.0517448512736614,0.0216930733952876,0.0245662010358405,0.0195859056466634,0.00595760298554153,0.00706669889929756,0.0106430509410288,1.24988648816603,0.130761708972211,0.00262599187609812
Run 2,B,CAPE,CV (%),B-CAPE-3,104.107406492512,54.3595223737577,121.534635731401,61.5908982599478,58.3125903968174,21.6747742540565,68.5174953285117,22.753505963162,2.74021731813594,91.0748627548482
Run 2,B,CAC,Average,B-CAC-1,0.0182066666666667,0.0136866666666667,0.00766666666666667,0.0222366666666667,0.00592666666666667,0.00801666666666667,0.00827666666666667,3.93551333333333,3.99152666666667,0.00172666666666667
Run 2,B,CAC,SD,B-CAC-2,0.0108565433418438,0.0115812103570108,0.000754077803236068,0.00341305337393562,0.0053813969685699,0.00739281633299065,0.00265545350803461,1.24513263688385,0.256910452168325,0.00126132205773678
Run 2,B,CAC,CV (%),B-CAC-3,59.6294947373331,84.6167342207314,9.83579743351393,15.3487634864441,90.7997238791321,92.2180831558085,32.0836106488273,31.6383793274876,6.43639573584188,73.0495400233655
Run 3,B,I,Average,B-I-1,0.00939966666666667,0.00495366666666667,0.00650666666666667,0.0103843333333333,0.001099,0.059321,0.00759933333333333,0.131538666666667,8.07276866666667,0.000851666666666667
Run 3,B,I,SD,B-I-2,0.0025396323224698,0.000518792187039602,0.00167911712912868,0.00321006329117252,0.000461385955572989,0.0258116936484222,0.000771129258512043,0.092747971537567,2.01392620009506,0.000401599717795386
Run 3,B,I,CV (%),B-I-3,27.0183232292258,10.4728925450428,25.8061034189858,30.9125601820614,41.9823435462228,43.511899071867,10.147327728468,70.510043843306,24.9471560904597,47.1545656902606
Run 3,B,II,Average,B-II-1,0.005417,0.00477866666666667,0.005422,0.01086,0.000866,2.31348366666667,0.008776,0.407330333333333,7.371175,0.000835
Run 3,B,II,SD,B-II-2,0.0015419477941876,0.00151502552233728,0.0028593118053126,0.00225585660005241,0.000247303457315097,3.08523901461788,0.00115360825239767,0.0914149749731046,0.241238166920162,0.00064710200123319
Run 3,B,II,CV (%),B-II-3,28.4649768171977,31.7039381069464,52.7353708098967,20.7721602214771,28.5569812142144,133.359014332838,13.145034781195,22.4424668364427,3.27272337069954,77.4972456566695
Run 3,B,III,Average,B-III-1,0.00401833333333333,0.00313233333333333,0.00342733333333333,0.006329,0.000850666666666667,0.0605436666666667,0.007206,0.144372333333333,4.540507,0.000101
Run 3,B,III,SD,B-III-2,0.00138453397695157,0.00151248349853257,0.00100133227918276,0.00263773330721663,0.000249594337542608,0.00957495766744341,0.000811149801208137,0.0320665019347813,0.639320459410615,0.0000202237484161567
Run 3,B,III,CV (%),B-III-3,34.4554287088736,48.2861604299001,29.216075058824,41.6769364388787,29.3410271405887,15.8149616543047,11.2565889704154,22.2109743566621,14.0803760331306,20.0235132833235
Run 2,B,IV,Average,B-IV-1,0.0375633333333333,0.00992666666666667,0.00736333333333333,0.0240166666666667,0.00523333333333333,87.0430866666667,0.01073,3.31427666666667,1.75182666666667,0.0093
Run 2,B,IV,SD,B-IV-2,0.0354157512038547,0.00586679071838542,0.00349538743679915,0.00815149883968178,0.00144590225580201,150.722969098878,0.00330891220796201,1.88866562912373,0.164573096322981,0.0152259121237448
Run 2,B,IV,CV (%),B-IV-3,94.2827700874649,59.1013168406859,47.4701779556245,33.9410083539838,27.6287055248792,173.159035221344,30.8379516119479,56.9857564432982,9.39437099882298,163.719485201557
Run 2,B,V,Average,B-V-1,0.0180833333333333,0.0163566666666667,0.00536,0.05182,0.00221,0.06244,0.0203566666666667,2.4617,1.11866666666667,0.00314666666666667
Run 2,B,V,SD,B-V-2,0.00571196405217446,0.0128986058678189,0.00357394739748643,0.0228460149697929,0.00219246436687122,0.0386144649063016,0.0112209372751715,0.559015322866914,0.198852340276229,0.00115509018406934
Run 2,B,V,CV (%),B-V-3,31.586897984375,78.8584014743359,66.6781230874334,44.0872538977092,99.2065324376118,61.8425126622383,55.1216830285155,22.7085072456804,17.7758349472195,36.708374493729
Run 2,B,VII,Average,B-VII-1,0.190743333333333,0.05019,0.0945933333333333,0.0715266666666667,0.00987,0.0844266666666667,0.0416966666666667,1.48461666666667,0.80731,0.00589666666666667
Run 2,B,VII,SD,B-VII-2,0.2650392773408,0.0109585172354658,0.0703331233014242,0.0743042019897484,0.00400797954086595,0.116050616686571,0.0249644353698083,1.38577952345722,0.0177699409115506,0.00582491487777575
Run 2,B,VII,CV (%),B-VII-3,138.950742188002,21.834065023841,74.3531502939857,103.883216501652,40.607695449503,137.457300244675,59.8715373806258,93.3425815950616,2.20112979048328,98.7831805162648
Run 3,B,VIII,Average,B-VIII-1,0.010303,0.00593466666666667,0.00683066666666667,0.007731,0.001,1.92674733333333,0.0113753333333333,0.0210963333333333,5.82773566666667,0.000951333333333333
Run 3,B,VIII,SD,B-VIII-2,0.00151762281216381,0.00337037866319696,0.00159903731455314,0.0054962484478051,0.000176510622909784,1.62091741404222,0.00291375656727417,0.0125106811298719,4.94567714332732,0.000478974251221643
Run 3,B,VIII,CV (%),B-VIII-3,14.7299117942717,56.7913726667652,23.4096815521151,71.093628868259,17.6510622909784,84.1271393503363,25.6146917359859,59.3026329845878,84.8644726907481,50.34767882498
Run 2,B,IX,Average,B-IX-1,0.3484,0.03383,0.07948,0.04056,0.0344633333333333,0.0220233333333333,0.0867533333333333,0.67292,0.493703333333333,0.03392
Run 2,B,IX,SD,B-IX-2,0.527910093576548,0.0489355004061469,0.0764434281020939,0.0397527068260766,0.0497316813845393,0.0158953022410187,0.0704027729094056,0.260800544669677,0.0585736948922751,0.026510463971798
Run 2,B,IX,CV (%),B-IX-3,151.52413707708,144.651198362834,96.1794515627754,98.0096322141928,144.303166799128,72.1748247662421,81.1528159256962,38.7565453054861,11.8641481508345,78.1558489734611
Run 2,B,X,Average,B-X-1,0.0535033333333333,0.01309,0.0246166666666667,0.0405366666666667,0.0262166666666667,0.0173866666666667,0.0459566666666667,1.55798,0.65667,0.00234333333333333
Run 2,B,X,SD,B-X-2,0.0470572973441244,0.00837670579643334,0.0300450949962441,0.00264381038150116,0.011042419722748,0.00998739372075284,0.00711253353829234,0.375668098592361,0.40811542337922,0.00277280243315916
Run 2,B,X,CV (%),B-X-3,87.9520852485037,63.9931688039216,122.051841555494,6.5220221564867,42.1198463677609,57.4428319828575,15.4766088451998,24.1125109816789,62.149241381397,118.327273107788
Run 4,B,XI,Average,B-XI-1,0.058181,0.0292463333333333,0.0581133333333333,0.0537976666666667,0.0104436666666667,3.17727366666667,0.0477016666666667,0.488563333333333,8.06825566666667,0.008907
Run 4,B,XI,SD,B-XI-2,0.0506764341188288,0.0170860721446836,0.0285198772320873,0.0152756709290732,0.00170178915654476,1.74923264731605,0.00637701006219477,0.0776802975427704,0.57153303289078,0.00215241167066154
Run 4,B,XI,CV (%),B-XI-3,87.1013460044152,58.4212453231184,49.0763058943799,28.3946718799574,16.2949394198534,55.0545162561083,13.3685267367208,15.8997395512224,7.08372486573549,24.1653943040478
Run 4,B,XII,Average,B-XII-1,0.0738873333333333,0.037138,0.064362,0.057995,0.0115646666666667,0.030574,0.063606,0.484377333333333,7.709917,0.010311
Run 4,B,XII,SD,B-XII-2,0.0853261515148394,0.0251509084527776,0.0325139015960866,0.0249962514589688,0.00300372141406844,0.0202598138441596,0.0130540637734002,0.0676555836892516,0.287998546418207,0.00294289160520737
Run 4,B,XII,CV (%),B-XII-3,115.481433238227,67.722840359679,50.517233143915,43.1007008517438,25.9732640866008,66.2648454378217,20.5233213429554,13.9675370900754,3.73542991990973,28.541282176388
Run 4,B,XIII,Average,B-XIII-1,0.02949,0.0219253333333333,0.06449,0.032236,0.0123053333333333,0.107401333333333,0.0574556666666667,0.473589333333333,8.946031,0.009247
Run 4,B,XIII,SD,B-XIII-2,0.0136015649467258,0.0112357105842636,0.00870967674486258,0.00668021578992775,0.00192887074044202,0.102922180769421,0.00201827707050676,0.0858130178139269,0.231594046687302,0.00186838539921505
Run 4,B,XIII,CV (%),B-XIII-3,46.122634610803,51.2453353089134,13.5054686693481,20.7228433736436,15.6750791562631,95.8295186615511,3.51275546451483,18.1197108494688,2.58879101455497,20.2053141474538
Run 5,B,XIV,Average,B-XIV-1,0.394470333333333,0.097717,0.0882943333333333,0.0620946666666667,0.0374726666666667,1.96646266666667,0.114945,0.503442666666667,1.01542966666667,0.041469
Run 5,B,XIV,SD,B-XIV-2,0.255393419910015,0.0520412265324329,0.0258164346944603,0.0256118558158782,0.0068796082252795,2.74392040000021,0.0201404102987005,0.0763032903637408,0.112181630057391,0.00320482901259958
Run 5,B,XIV,CV (%),B-XIV-3,64.7433782287004,53.257085801276,29.2390618059222,41.2464663887583,18.3590036078195,139.535850159383,17.5217802415942,15.1563018821887,11.0477006670139,7.7282524599088
Run 2,B,XV,Average,B-XV-1,0.0371266666666667,0.0235366666666667,0.00565,0.0159833333333333,0.01008,0.01125,0.0249033333333333,1.54353333333333,0.840263333333333,0.00120333333333333
Run 2,B,XV,SD,B-XV-2,0.0108444747836552,0.0252344651881773,0.00284870145855967,0.00800629960302094,0.00372181407380863,0.00322377108368445,0.0134141803079179,0.992357116381665,0.15172853071632,0.000948700866097071
Run 2,B,XV,CV (%),B-XV-3,29.2093951795345,107.213419578717,50.4194948417641,50.0915512180665,36.9227586687364,28.655742966084,53.8649992286893,64.2912656922429,18.0572595158248,78.8394071548815
Run 5,B,XVI,Average,B-XVI-1,0.349197666666667,0.109567333333333,0.103433333333333,0.0697526666666667,0.036042,0.0227406666666667,0.109937666666667,0.686763333333333,1.403548,0.0262486666666667
Run 5,B,XVI,SD,B-XVI-2,0.13606660985096,0.0333889897471207,0.0120838666962746,0.0335687273266851,0.00710957614770388,0.00656017578524641,0.0214527793148891,0.0612446893724944,0.123320966615576,0.00541915771438084
Run 5,B,XVI,CV (%),B-XVI-3,38.9654980085663,30.4734894346132,11.6827586493148,48.1253677183454,19.7258091884576,28.8477725011568,19.5135843476962,8.91787409138924,8.78637329222627,20.6454589987333
Run 5,B,XVII,Average,B-XVII-1,0.366402666666667,0.112404333333333,0.0736053333333333,0.0454873333333333,0.0507396666666667,6.22274766666667,0.0863413333333333,0.509561,0.919041,0.0278646666666667
Run 5,B,XVII,SD,B-XVII-2,0.167424726508163,0.038357921402669,0.0223611315083413,0.00707019521182643,0.010828644713598,10.6545659271292,0.0357272605349659,0.0713139973427377,0.147522661916737,0.00763731905404857
Run 5,B,XVII,CV (%),B-XVII-3,45.6941888636626,34.1249489812099,30.3797707254112,15.543217625038,21.3415763740361,171.219636370641,41.379092904479,13.9951835683535,16.0518042085975,27.4086144485797
Run 5,B,XVIII,Average,B-XVIII-1,0.312946666666667,0.11531,0.0994636666666667,0.050469,0.0549586666666667,0.178099,0.0919596666666667,0.621371333333333,1.06798133333333,0.0411116666666667
Run 5,B,XVIII,SD,B-XVIII-2,0.0300774070081404,0.0257003529353198,0.0214464664766328,0.0139599713824922,0.00755530147203494,0.193454338728807,0.013407310182633,0.0239900480269076,0.0865062981194626,0.00127637233334687
Run 5,B,XVIII,CV (%),B-XVIII-3,9.61103287295185,22.2880521510015,21.5621112667267,27.6604873932358,13.7472430287639,108.621799520945,14.579555003425,3.86082310849674,8.09998222061274,3.10464750479637
Run 6,B,XIX,Average,B-XIX-1,0.178922666666667,0.0563486666666667,0.0365473333333333,0.060168,0.0190636666666667,0.706763666666667,0.1857,8.17072633333333,11.9462016666667,0.01315
Run 6,B,XIX,SD,B-XIX-2,0.0451092107815392,0.0165077932302696,0.0174583471821743,0.00910485139911685,0.00198950353941211,0.429114335702425,0.0100612732295669,1.1451485639031,0.834757378279661,0.00169404161696223
Run 6,B,XIX,CV (%),B-XIX-3,25.2115685630696,29.2958009599806,47.7691409738266,15.1323816632044,10.4361011666806,60.7153927035145,5.41802543326166,14.0152602986022,6.98763842744151,12.8824457563668
Run 6,B,XX,Average,B-XX-1,0.174018666666667,0.0567573333333333,0.0668473333333333,0.0514863333333333,0.0315793333333333,2.55169466666667,0.175850333333333,5.73537366666667,11.9007153333333,0.045594
Run 6,B,XX,SD,B-XX-2,0.0988874332376634,0.0238988314009981,0.00432293445859792,0.025046842122977,0.00429497629019455,1.0741471403557,0.0244867015813346,0.396103301751365,0.144140947021772,0.00787461624461789
Run 6,B,XX,CV (%),B-XX-3,56.8257619322428,42.10703709535,6.46687645271004,48.6475546060321,13.6005920228247,42.0954416838156,13.9247399292209,6.90632075209801,1.21119565492034,17.2711677953632
Run 2,F,NI,Average,F-NI-1,17.7798166666667,0.66855,6.89254666666667,6.71405,0.000246666666666667,0.00261,0.0165366666666667,0.00764666666666667,0.0370533333333333,0.00307333333333333
Run 2,F,NI,SD,F-NI-2,3.49923021149414,0.573707387001423,1.51916817532929,0.375958954807569,0.0000351188458428425,0.0010987720418722,0.00195492540352141,0.0052051352848253,0.0221298493743932,0.000315013227235514
Run 2,F,NI,CV (%),F-NI-3,19.6809127849695,85.8136843918066,22.0407383337164,5.59958526980837,14.2373699362875,42.0985456656015,11.8217621660234,68.0706445269219,59.7243146124322,10.2498880879235
Run 3,F,NI,Average,F-NI-1,0.0153623333333333,0.00579,0.007643,0.00923766666666667,0.000789333333333333,0.14859,0.00689866666666667,0.009717,0.004612,0.000872666666666667
Run 3,F,NI,SD,F-NI-2,0.00620500075208161,0.0000512152321092075,0.00250466844113148,0.00279535692413927,0.00028467759541863,0.128416262159432,0.00235852270146661,0.00582020128517906,0.000828858854087956,0.000768110886092193
Run 3,F,NI,CV (%),F-NI-3,40.3910045267535,0.884546323129663,32.7707502437718,30.2604220850063,36.0655737439143,86.4232197048469,34.188094822187,59.8971008045596,17.9717878163043,88.0188181159885
Run 4,F,NI,Average,F-NI-1,0.116620666666667,0.031658,0.0881406666666667,0.032699,0.00886166666666667,0.997305666666667,0.0100813333333333,0.00952833333333333,0.006108,0.007049
Run 4,F,NI,SD,F-NI-2,0.0311295095100025,0.00901408170586444,0.0233609106486313,0.00429664252643852,0.0014156476727397,0.803821943579754,0.00221550047017222,0.00498674345974739,0.00179327939819761,0.00251945013842306
Run 4,F,NI,CV (%),F-NI-3,26.6929613762018,28.4733138728424,26.5041229345115,13.1399814258495,15.9749596321952,80.5993558891928,21.9762644177909,52.3359467526401,29.3595186345385,35.7419511763805
Run 5,F,NI,Average,F-NI-1,1.456749,0.381808,0.280122333333333,0.110678333333333,0.0855406666666667,1.38527733333333,0.124263333333333,0.0832043333333333,0.05247,0.0357143333333333
Run 5,F,NI,SD,F-NI-2,0.139419439720578,0.033501736731101,0.0411668863206016,0.0117820910424819,0.0317895103034528,1.40266162137072,0.0489620703231934,0.0377361445345617,0.0101072082693492,0.025410448369388
Run 5,F,NI,CV (%),F-NI-3,9.57058763867887,8.77449836857819,14.6960386309559,10.6453455591868,37.1630378184093,101.254931963375,39.4018645804825,45.3535807845285,19.2628326078696,71.149160568739
Run 6,F,NI,Average,F-NI-1,0.821649,0.040547,0.0487286666666667,0.0704583333333333,0.0148783333333333,1.968544,0.0139146666666667,0.009855,0.0239993333333333,0.00715966666666667
Run 6,F,NI,SD,F-NI-2,0.0464556473639104,0.00635896461697972,0.0106083462581749,0.0134729821989541,0.00357980646590473,0.565571024179103,0.00825290375160969,0.00468498399143476,0.00557839845594892,0.00258916209097332
Run 6,F,NI,CV (%),F-NI-3,5.65395288790109,15.6829472389566,21.7702370777808,19.12191441602,24.0605341048823,28.7304233067233,59.310826118314,47.5391577010123,23.2439725656918,36.1631652913076
Run 2,F,R,Average,F-R-1,30.8139666666667,5.66547333333333,10.62406,3.22585666666667,1.54322333333333,0.130813333333333,1.34181,6.24351666666667,2.7822,0.0775066666666667
Run 2,F,R,SD,F-R-2,2.65926403482868,0.348670459651134,0.728677747155764,0.20293245928962,0.215594541288348,0.0277943273588935,0.221696147688678,0.889570249858511,0.377962905455019,0.0671750075052719
Run 2,F,R,CV (%),F-R-3,8.63006072407213,6.15430413553797,6.85875030031611,6.29080831106217,13.9704044535581,21.2473198646113,16.5221713721524,14.2479038233022,13.585037217131,86.6699735574641
Run 2,F,CAPE,Average,F-CAPE-1,3.85165333333333,0.122416666666667,1.45956666666667,1.52572333333333,0.00424333333333333,0.0023,0.00886666666666667,0.00803666666666667,0.0109333333333333,0.00353
Run 2,F,CAPE,SD,F-CAPE-2,2.20491950307337,0.0235939406062941,0.835570746875053,0.469773737275013,0.00575705074958814,0.000704911341943084,0.00143305035966407,0.00557772653805593,0.00363414822665963,0.0019359493795035
Run 2,F,CAPE,CV (%),F-CAPE-3,57.246052857129,19.2734708832899,57.2478644489267,30.790230903048,135.672837775054,30.6483192149167,16.1622221014745,69.4034824312227,33.2391606096918,54.8427586261615
Run 2,F,CAC,Average,F-CAC-1,4.98305,0.10226,2.32517333333333,1.95870333333333,0.00147333333333333,0.00228666666666667,0.00818666666666667,0.00342666666666667,0.0117566666666667,0.00185666666666667
Run 2,F,CAC,SD,F-CAC-2,1.55052396798631,0.0271363280493143,0.43356528474191,0.293002468305872,0.00213769346103068,0.000594754851458425,0.00211672703325992,0.00219846158331988,0.00107038933726627,0.000909413730561252
Run 2,F,CAC,CV (%),F-CAC-3,31.115962472508,26.53660086966,18.646579096981,14.9590018722866,145.092316359549,26.0096873815637,25.8557862368883,64.157439201942,9.10453079614063,48.980990874035
Run 3,F,I,Average,F-I-1,0.0220933333333333,0.00759466666666667,0.00727333333333333,0.0124686666666667,0.00170666666666667,0.0806656666666667,0.00958033333333333,0.00787933333333333,0.00536833333333333,0.00182433333333333
Run 3,F,I,SD,F-I-2,0.00180009953428507,0.000660279738696663,0.00145788899897535,0.00133359714056882,0.000935989494243036,0.0157280839371277,0.0047126145963078,0.00141329485010501,0.00223802621372792,0.0010177943472693
Run 3,F,I,CV (%),F-I-3,8.14770459091011,8.69399234590058,20.0443033772963,10.6955873969589,54.8431344283028,19.4978664245355,49.190507598634,17.9367313237796,41.6894047884742,55.7899331592893
Run 3,F,II,Average,F-II-1,0.0199023333333333,0.00656833333333333,0.0127406666666667,0.011196,0.000994,0.703188,0.00310466666666667,0.006662,0.00782,0.00156033333333333
Run 3,F,II,SD,F-II-2,0.0061149183423275,0.00171950845689497,0.00890569039060607,0.00521031121911158,0.000868324248193035,0.646624046707977,0.00202944976122429,0.00214334434937553,0.000379889457605762,0.000595617606634771
Run 3,F,II,CV (%),F-II-3,30.7246303230484,26.1787636167719,69.8997205060388,46.5372563336154,87.3565642045307,91.9560696012982,65.3677183130005,32.1726861209176,4.8579214527591,38.1724593015235
Run 3,F,III,Average,F-III-1,0.0138763333333333,0.00529866666666667,0.00567566666666667,0.00950333333333333,0.000955666666666667,1.10880966666667,0.00550066666666667,0.010233,0.00336033333333333,0.000329333333333333
Run 3,F,III,SD,F-III-2,0.00258615396551198,0.000612304934924857,0.000732307540131421,0.00389014348492872,0.000539344355058374,1.3924749149713,0.00300906452794441,0.000435232121976308,0.000223504660652375,0.00013192548401781
Run 3,F,III,CV (%),F-III-3,18.6371565411995,11.5558304276206,12.9025819016519,40.9345158007231,56.4364515233736,125.582862129746,54.7036334010012,4.25322116658173,6.65126457650159,40.0583453495375
Run 2,F,IV,Average,F-IV-1,8.92612,0.317,4.22788666666667,3.88249,0.0127566666666667,89.6781233333333,0.0248666666666667,0.0183033333333333,0.0235633333333333,0.0191866666666667
Run 2,F,IV,SD,F-IV-2,6.14294715083078,0.321890053123734,2.36508238867768,0.735913793049159,0.00412553430882999,78.0301965598987,0.0121812820890633,0.0196343610370527,0.0121723635064573,0.0153340938217207
Run 2,F,IV,CV (%),F-IV-3,68.8199032819498,101.542603509064,55.9400611971074,18.9546861176502,32.3402219140056,87.0114066391206,48.9863890981097,107.272050830738,51.6580711831546,79.9205723856185
Run 2,F,V,Average,F-V-1,4.35928666666667,0.07661,1.10989,0.49318,0.00428,0.0272533333333333,0.00795333333333333,0.00556666666666667,0.00816333333333333,0.00481666666666667
Run 2,F,V,SD,F-V-2,1.4983116362871,0.0100182184044869,0.304735012264754,0.0497656146350068,0.00228541024763608,0.0222953231269101,0.00144970111862181,0.0018393024039927,0.00793942903068812,0.00138954428980631
Run 2,F,V,CV (%),F-V-3,34.3705691058116,13.0769069370668,27.4563256056685,10.0907609057559,53.3974356924318,81.8076924911086,18.2275916004419,33.041360550767,97.2571951493033,28.8486703766016
Run 2,F,VII,Average,F-VII-1,20.45847,0.474746666666667,4.24025,0.811,0.01297,0.0126733333333333,0.01706,0.0432033333333333,0.0292933333333333,0.00680666666666667
Run 2,F,VII,SD,F-VII-2,6.75705573141883,0.307111601919129,1.41444277109397,0.254066090023836,0.00528045452589074,0.00400697308867097,0.00662210691547637,0.0252873967290691,0.013238603904239,0.00467196247131046
Run 2,F,VII,CV (%),F-VII-3,33.0281576844155,64.6895751950083,33.3575324826123,31.3275080177356,40.7128336614552,31.6173573540582,38.8165704306938,58.5311242860947,45.1932313526594,68.6380382660694
Run 3,F,VIII,Average,F-VIII-1,0.00922,0.004629,0.00371333333333333,0.00522333333333333,0.000562,0.188364666666667,0.00612933333333333,0.00462433333333333,0.002983,0.000792666666666667
Run 3,F,VIII,SD,F-VIII-2,0.00488485199366368,0.00130007845917083,0.00134313302890419,0.0010899139109734,0.000497114674899062,0.234059652768975,0.00295962165374788,0.00344766592542452,0.000874783973332845,0.000202435998116277
Run 3,F,VIII,CV (%),F-VIII-3,52.9810411460269,28.0855143480413,36.170548354691,20.8662522841111,88.4545684873776,124.258788503669,48.2861918710226,74.5548747659019,29.3256444295288,25.5386036311535
Run 2,F,IX,Average,F-IX-1,6.6471,0.0905766666666667,1.21536333333333,0.290243333333333,0.00996333333333333,0.00957,0.00641666666666667,0.01177,0.00257666666666667,0.00637333333333333
Run 2,F,IX,SD,F-IX-2,0.696877056086653,0.0131066446252782,0.0450397394900696,0.0622484171150828,0.00603272188430176,0.00343786270813714,0.00291997146104775,0.005442453490844,0.000583980593284857,0.00232000718389692
Run 2,F,IX,CV (%),F-IX-3,10.4839261645929,14.4702218657618,3.70586624219943,21.4469756807792,60.5492326962372,35.9233302835647,45.5060487436013,46.240046651181,22.6641886139013,36.4017863582153
Run 2,F,X,Average,F-X-1,4.63754333333333,0.114986666666667,0.846216666666667,0.27886,0.0163,0.00901,0.0117533333333333,0.03588,0.00945,0.00736
Run 2,F,X,SD,F-X-2,1.1666088150847,0.0338512885032953,0.228601675919783,0.0396587796080515,0.0040859270673863,0.00276571871310153,0.00398449913205328,0.0141499010597248,0.00506165980682226,0.00452759317960437
Run 2,F,X,CV (%),F-X-3,25.1557501727143,29.4393163004075,27.014556073478,14.2217527103391,25.0670372232288,30.6961011443011,33.9010136022685,39.4367365098239,53.5625376383308,61.5162116794072
Run 4,F,XI,Average,F-XI-1,0.396774,0.157317,0.219105333333333,0.127657,0.011945,0.961078,0.0244616666666667,0.0243943333333333,0.046886,0.00840233333333333
Run 4,F,XI,SD,F-XI-2,0.177948159091349,0.0516873156296591,0.0660918104558601,0.0492133881885814,0.00322920748791402,0.32762246325153,0.00424293487262453,0.00957369757895732,0.0282625094604142,0.000959885583459473
Run 4,F,XI,CV (%),F-XI-3,44.8487449004595,32.8555182400243,30.1644005877813,38.5512648648969,27.0339680863459,34.0890607475699,17.3452403323207,39.2455798981621,60.2792079947409,11.4240359835697
Run 4,F,XII,Average,F-XII-1,0.074997,0.041749,0.06517,0.016788,0.00712233333333333,0.099765,0.006367,0.00794233333333333,0.00506433333333333,0.00499733333333333
Run 4,F,XII,SD,F-XII-2,0.00644041085645939,0.00919589886851742,0.0160284042873893,0.0019831951492478,0.00144952727926498,0.0830903334991502,0.00173366202011811,0.00248643868481274,0.000477673877591536,0.0012353806430948
Run 4,F,XII,CV (%),F-XII-3,8.58755797759829,22.026632658309,24.5947587653664,11.8131710105301,20.3518595862542,83.286055730116,27.2288679145298,31.3061487154834,9.43211763821898,24.7207972871158
Run 4,F,XIII,Average,F-XIII-1,0.114752333333333,0.0511656666666667,0.0947986666666667,0.0209106666666667,0.0123416666666667,0.0720133333333333,0.00987333333333333,0.008596,0.00930566666666667,0.00535666666666667
Run 4,F,XIII,SD,F-XIII-2,0.0150744638821198,0.0129074549130854,0.00727212137779158,0.00265949644356471,0.00231496702640304,0.0518894079782506,0.00236079908787964,0.00097023656909024,0.00177841455609578,0.000121220185337811
Run 4,F,XIII,CV (%),F-XIII-3,13.1365205780448,25.2267892787847,7.67112200360579,12.7183723310178,18.7573290458045,72.0552786218996,23.9108617948647,11.2870703709893,19.1110924106721,2.26297794656772
Run 5,F,XIV,Average,F-XIV-1,2.30906366666667,0.625476,0.470864,0.230566,0.129588666666667,10.3528396666667,0.159336333333333,0.119222,0.071888,0.047324
Run 5,F,XIV,SD,F-XIV-2,1.21793305378922,0.178471680865621,0.15164894466827,0.126350598419636,0.045288426969076,8.01840028864488,0.0376967186945142,0.0284446412000573,0.0458805983831946,0.0327939429925711
Run 5,F,XIV,CV (%),F-XIV-3,52.7457545398655,28.5337376439098,32.2065277167654,54.8001866795781,34.9478300332919,77.451216736814,23.6585830148685,23.8585506031247,63.8223324938719,69.296642279966
Run 2,F,XV,Average,F-XV-1,4.53089333333333,0.06108,1.14742,0.28571,0.0246,0.00883666666666667,0.00716333333333333,0.000863333333333333,0.00357,0.00062
Run 2,F,XV,SD,F-XV-2,0.594914955294732,0.0194887890850099,0.196008588587337,0.048109613384437,0.00469497603827751,0.00339414692276768,0.000983480215018753,0.000359212100761282,0.00140342438342791,0.000588982172905089
Run 2,F,XV,CV (%),F-XV-3,13.1301911461478,31.906989333677,17.0825494228214,16.8386172638119,19.0852684482826,38.4098105179292,13.7293654958411,41.6075792387585,39.3116073789331,94.9971246621111
Run 5,F,XVI,Average,F-XVI-1,1.79500366666667,0.335765,0.384172666666667,0.115263,0.0847816666666667,9.74356033333333,0.0945663333333333,0.094676,0.0336583333333333,0.032141
Run 5,F,XVI,SD,F-XVI-2,0.270308041175865,0.0318056107786032,0.0550264445183707,0.0121106590654679,0.0225543213228271,5.54693369419865,0.0541730870851323,0.0399188929831477,0.0124837499307433,0.020195915651438
Run 5,F,XVI,CV (%),F-XVI-3,15.0589130370875,9.47258075695894,14.3233627201581,10.5069788791441,26.6028284292914,56.9292281715775,57.2858068782043,42.1636877172121,37.0896259393216,62.8353680701845
Run 5,F,XVII,Average,F-XVII-1,2.362594,0.419856333333333,0.434760333333333,0.125411,0.0925676666666667,1.78541733333333,0.111026,0.148632666666667,0.0450566666666667,0.018635
Run 5,F,XVII,SD,F-XVII-2,0.0328833246646382,0.0597588863377936,0.0306429861849875,0.0201667386307256,0.0188817897545051,2.72339714928439,0.00844976940513763,0.0165639806306737,0.0217836881710452,0.000684436264381133
Run 5,F,XVII,CV (%),F-XVII-3,1.39183137960387,14.2331749204197,7.04824792778263,16.0805181608675,20.3978240290941,152.535606014302,7.61062220123001,11.1442396897992,48.3473141326741,3.67285357864842
Run 5,F,XVIII,Average,F-XVIII-1,2.12128366666667,0.285455333333333,0.371663,0.140878,0.101860666666667,1.45547533333333,0.0467763333333333,0.044383,0.0351683333333333,0.015398
Run 5,F,XVIII,SD,F-XVIII-2,0.328681963734449,0.087598825393571,0.106499307941413,0.0498038321718319,0.0450548037431452,1.54282169196908,0.0215112486930288,0.0136263131110363,0.00619178490690151,0.00582906827889329
Run 5,F,XVIII,CV (%),F-XVIII-3,15.4944842549479,30.687401903008,28.6548050092188,35.3524554379193,44.2317974322556,106.001225622677,45.9874623770471,30.7016495303073,17.6061368851756,37.8560090849025
Run 6,F,XIX,Average,F-XIX-1,2.66404666666667,0.0566896666666667,0.0742503333333333,0.0757836666666667,0.016153,0.450018666666667,0.011558,0.00971733333333333,0.024192,0.00692566666666667
Run 6,F,XIX,SD,F-XIX-2,0.277086489941919,0.014769529184552,0.0117507882430641,0.00586630994180612,0.000857463701855653,0.161214209052221,0.00282235486783643,0.00204800398762633,0.0063962648475497,0.00182380764702129
Run 6,F,XIX,CV (%),F-XIX-3,10.4009623182997,26.0533004566711,15.8259063838961,7.74086316990836,5.30838668888536,35.8238937611968,24.4190592475898,21.075781980238,26.439586836763,26.3340373541121
Run 6,F,XX,Average,F-XX-1,1.55865366666667,0.116709666666667,0.130790666666667,0.113212666666667,0.06387,6.97391166666667,0.0503023333333333,0.0374516666666667,0.042484,0.0171386666666667
Run 6,F,XX,SD,F-XX-2,0.298331049561277,0.0549391725122734,0.0411881738407195,0.0278461654870708,0.0400006572571002,3.38477935484683,0.0287868368587682,0.0247809907052429,0.0134624947168049,0.0105372763242374
Run 6,F,XX,CV (%),F-XX-3,19.1403039649781,47.0733693972278,31.4916766543378,24.5963338793693,62.6282405778929,48.5348756426773,57.2276372708388,66.1679249839603,31.6883879032222,61.482474273985
Run 2,1011c,NI,Average,1011c-NI-1,1.60244,0.136966666666667,0.00673666666666667,0.34183,0.00332666666666667,0.00291333333333333,0.00064,0.0007,0.00623,0.00156666666666667
Run 2,1011c,NI,SD,1011c-NI-2,0.591148140401372,0.025188771969537,0.00315062427676379,0.161130755288989,0.00443776219882649,0.00133612624154057,0.000766289762426721,0.00012,0.0016224980739588,0.0007130451131123
Run 2,1011c,NI,CV (%),1011c-NI-3,36.8905007614246,18.3904395007571,46.7682970326144,47.1376869464321,133.399665295385,45.8624568034521,119.732775379175,17.1428571428571,26.043307768199,45.5135178582318
Run 3,1011c,NI,Average,1011c-NI-1,0.009523,0.00462733333333333,0.00491533333333333,0.00521633333333333,0.000926333333333333,0.177899,0.00356,0.005563,0.002365,0.000623333333333333
Run 3,1011c,NI,SD,1011c-NI-2,0.00481894957433671,0.00217815296371337,0.000894944877259674,0.000330554584499041,0.000349943328745289,0.0921432497636153,0.00171575027320412,0.00160395604677934,0.000722739233748937,0.0000930286694161178
Run 3,1011c,NI,CV (%),1011c-NI-3,50.6032718086392,47.0714514561311,18.2072062374815,6.3369145216763,37.7772575111863,51.7952600990536,48.1952323933742,28.8325731939482,30.5597984671855,14.9243854678264
Run 4,1011c,NI,Average,1011c-NI-1,0.217550666666667,0.149513666666667,0.134602333333333,0.065707,0.0155223333333333,0.07178,0.02007,0.0201976666666667,0.0163453333333333,0.00692033333333333
Run 4,1011c,NI,SD,1011c-NI-2,0.00317526130158344,0.0211760912430348,0.00197176198698863,0.0138404511848422,0.00147047418655797,0.0927887586456463,0.00663228859444461,0.00358821548033745,0.00534466840256094,0.000214336962125839
Run 4,1011c,NI,CV (%),1011c-NI-3,1.45955025109098,14.16331477593,1.464879499604,21.0638914953387,9.47328056278893,129.268262253617,33.0457827326587,17.7654950918626,32.6984362665855,3.09720575298645
Run 5,1011c,NI,Average,1011c-NI-1,0.523864333333333,0.239475333333333,0.199063333333333,0.065135,0.0718846666666667,6.43529066666667,0.0707493333333333,0.0463283333333333,0.0175273333333333,0.0171543333333333
Run 5,1011c,NI,SD,1011c-NI-2,0.0528160864920275,0.0660014134116333,0.0718319620387285,0.00841986027199977,0.0109671984724146,4.34105567969547,0.0331874596848468,0.0183349045357028,0.00438884829235795,0.0066618038347983
Run 5,1011c,NI,CV (%),1011c-NI-3,10.0820161120648,27.5608399800258,36.0849790043681,12.9267832532429,15.256659008061,67.4570257126247,46.9085122378258,39.5760072001356,25.0400229680763,38.8345248127683
Run 6,1011c,NI,Average,1011c-NI-1,0.452063666666667,0.091125,0.081962,0.0563293333333333,0.0287106666666667,1.20765733333333,0.022504,0.013273,0.00996066666666667,0.0385163333333333
Run 6,1011c,NI,SD,1011c-NI-2,0.125773602994958,0.0141058128798024,0.0230872789864895,0.0219868121002871,0.00665988606008641,0.600739956477288,0.0135830122211533,0.00554261842453546,0.00738355824337652,0.0536156467118819
Run 6,1011c,NI,CV (%),1011c-NI-3,27.8220994671749,15.4796300464224,28.1682718656078,39.0326155116703,23.1965566575247,49.7442395202576,60.3582128561736,41.7585958301474,74.1271492206999,139.202364482294
Run 2,1011c,R,Average,1011c-R-1,26.8228133333333,1.65837333333333,2.90759,2.25605666666667,0.0127066666666667,0.00752,0.0183333333333333,0.00385,0.00702666666666667,0.00246
Run 2,1011c,R,SD,1011c-R-2,1.08722181901088,0.100552334798021,0.255375239990098,0.135323686150405,0.00465043367153358,0.00756727824253873,0.00394375878234627,0.001714322023425,0.00211646718220088,0.00117012819810481
Run 2,1011c,R,CV (%),1011c-R-3,4.05334744532471,6.06331112403447,8.78305538229592,5.99823967854257,36.5983762187846,100.62870003376,21.5114115400706,44.5278447642857,30.1205006954584,47.5661869148297
Run 2,1011c,CAPE,Average,1011c-CAPE-1,9.36335,0.979613333333333,0.932683333333333,2.72405,0.00485,0.00105,0.00536,0.00377,0.0131266666666667,0.00249666666666667
Run 2,1011c,CAPE,SD,1011c-CAPE-2,12.8417462757173,1.50876605357933,1.60052466073889,3.8088625260437,0.000923255111006703,0.00054744862772684,0.00738740143758277,0.00191674202750396,0.0108092614610497,0.00202094862214093
Run 2,1011c,CAPE,CV (%),1011c-CAPE-3,137.149057503108,154.016488163289,171.604295213333,139.823517411343,19.0361878558083,52.1379645454133,137.824653686246,50.8419635942695,82.3458211862596,80.945872715925
Run 2,1011c,CAC,Average,1011c-CAC-1,3.589,0.21081,0.00862666666666667,0.630086666666667,0.01049,0.00316333333333333,0.00121,0.00351666666666667,0.00996333333333333,0.00174333333333333
Run 2,1011c,CAC,SD,1011c-CAC-2,1.05919023650145,0.0086782659558232,0.00453237612443333,0.269998750799579,0.00840578372312779,0.000748954827298238,0.000653911308970873,0.00241580904322617,0.00336131422710423,0.00130208806665806
Run 2,1011c,CAC,CV (%),1011c-CAC-3,29.5121269574101,4.11662917120782,52.5391359091962,42.8510497179614,80.1313986952125,23.6761273118516,54.0422569397416,68.6959917505071,33.7368440324948,74.6895640530437
Run 3,1011c,I,Average,1011c-I-1,0.010133,0.006072,0.006923,0.00610433333333333,0.00117866666666667,0.167256333333333,0.00355033333333333,0.00719333333333333,0.00168233333333333,0.000841666666666667
Run 3,1011c,I,SD,1011c-I-2,0.00504416821686192,0.00105316855251189,0.00103487004014997,0.00149296159807724,0.000355367884499054,0.100341240625843,0.00232629540973053,0.00136183491412628,0.000355450887371706,0.000142303665916705
Run 3,1011c,I,CV (%),1011c-I-3,49.7796133115752,17.34467313096,14.9482888942651,24.4574061826665,30.1499902007115,59.9924909425512,65.5232957392883,18.931903347446,21.1284458513002,16.9073662475293
Run 3,1011c,II,Average,1011c-II-1,0.011607,0.0270386666666667,0.00912433333333333,0.00920133333333333,0.00128866666666667,0.305868,0.003635,0.0140636666666667,0.003366,0.001527
Run 3,1011c,II,SD,1011c-II-2,0.00203497100716448,0.0319603566052279,0.00136039932862867,0.00487331553804321,0.000401335686593322,0.0869216731776374,0.00146365877170876,0.00151204409106789,0.00177155637787794,0.000206572021338806
Run 3,1011c,II,CV (%),1011c-II-3,17.5322736897086,118.202413599886,14.9095750772148,52.9631452475353,31.1434831810647,28.4180343081451,40.2657158654404,10.7514215666935,52.6309084336881,13.5279647242178
Run 3,1011c,III,Average,1011c-III-1,0.004625,0.003009,0.00214366666666667,0.00261133333333333,0.000601333333333333,0.0406953333333333,0.00367233333333333,0.00272733333333333,0.000885333333333333,0.000243
Run 3,1011c,III,SD,1011c-III-2,0.000993764559641769,0.00118999201677994,0.00046609262312692,0.000273892923116559,0.000364864815148478,0.0123764320518206,0.00153315567811404,0.000197186037369113,0.000153578427304532,0.0000978723658649366
Run 3,1011c,III,CV (%),1011c-III-3,21.4868012895518,39.5477572874689,21.7427751419804,10.4886235556507,60.6759670424299,30.4124110507854,41.7488157787249,7.229994037,17.3469609154215,40.2766937715788
Run 2,1011c,IV,Average,1011c-IV-1,1.61896666666667,0.12101,0.00737333333333333,0.410193333333333,0.00263666666666667,0.00774,0.00092,0.000926666666666667,0.00865,0.000443333333333333
Run 2,1011c,IV,SD,1011c-IV-2,0.67349606920407,0.0279157070481835,0.00225309416876733,0.25980748263538,0.000589434757486639,0.00628849743579498,0.00054,0.000710586612126441,0.00187008021218342,0.000493288286231625
Run 2,1011c,IV,CV (%),1011c-IV-3,41.6003666456424,23.0689257484369,30.5573350194484,63.3378120809814,22.3553005367878,81.246736896576,58.695652173913,76.6820085028533,21.6194244183054,111.268034488337
Run 2,1011c,V,Average,1011c-V-1,2.49261666666667,0.07974,0.0146266666666667,0.07613,0.00796333333333333,0.0084,0.00092,0.00204666666666667,0.00673333333333333,0.000353333333333333
Run 2,1011c,V,SD,1011c-V-2,0.915586797705894,0.00710861449229032,0.0120418617054562,0.0196504529209889,0.00498752777770042,0.00295243966915499,0.000857496355677387,0.00146028536024071,0.00330599959669286,0.000222785397486759
Run 2,1011c,V,CV (%),1011c-V-3,36.7319536112342,8.91474102368989,82.3281338112318,25.8117075016273,62.6311566894151,35.1480912994642,93.2061256171073,71.3494475687642,49.0990039112801,63.0524709868186
Run 2,1011c,VII,Average,1011c-VII-1,2.64441,0.121866666666667,0.0372466666666667,0.104293333333333,0.0163966666666667,0.00431666666666667,0.00892,0.01939,0.00608333333333333,0.00636
Run 2,1011c,VII,SD,1011c-VII-2,0.923293716159706,0.00345517486291697,0.0570445653268857,0.0395176926620638,0.0178066541869418,0.00237533857235834,0.00581180694792936,0.0303920894312977,0.0057409610113058,0.00411227430991659
Run 2,1011c,VII,CV (%),1011c-VII-3,34.9149230323477,2.8352091325905,153.153477698816,37.8909096094962,108.599232691249,55.0271483944017,65.1547864117641,156.741049155739,94.3719618296844,64.6584010993175
Run 3,1011c,VIII,Average,1011c-VIII-1,0.00581066666666667,0.002622,0.007658,0.00510866666666667,0.000562666666666667,2.761581,0.00473633333333333,0.00541166666666667,0.00179666666666667,0.00100333333333333
Run 3,1011c,VIII,SD,1011c-VIII-2,0.00151605090064065,0.000600960065228963,0.00699785760072324,0.000990883612405278,0.000193236469987767,4.35204384169231,0.00103585005349874,0.00172667435648223,0.000465314230744487,0.0011300417396421
Run 3,1011c,VIII,CV (%),1011c-VIII-3,26.090825504371,22.9199109545752,91.379702281578,19.3961296960448,34.3429745238922,157.592474806725,21.8702946055051,31.9065172124834,25.898751247374,112.628744814828
Run 2,1011c,IX,Average,1011c-IX-1,2.77378333333333,0.249836666666667,0.250303333333333,0.0726633333333333,0.0729466666666667,0.02215,0.0180966666666667,0.0638533333333333,0.0295433333333333,0.00745333333333333
Run 2,1011c,IX,SD,1011c-IX-2,2.54612829630271,0.210350904997657,0.412591697727103,0.0668525910741935,0.0972572261239921,0.0199087191953676,0.0278809008701895,0.099036950848324,0.0460096862990103,0.00896661771981684
Run 2,1011c,IX,CV (%),1011c-IX-3,91.7926164493518,84.1953696405612,164.836677255771,92.0031988726917,133.326484359338,89.881350769154,154.066499558977,155.100674746801,155.736273154723,120.303457779296
Run 2,1011c,X,Average,1011c-X-1,1.05163,0.09096,0.00408333333333333,0.01609,0.0187066666666667,0.00632666666666667,0.000443333333333333,0.00315666666666667,0.00241,0.00072
Run 2,1011c,X,SD,1011c-X-2,0.143892998787293,0.00694051150852731,0.00408610246241248,0.00509312281414851,0.00306800152107742,0.00129831942654084,0.000158850034099251,0.00211599464397558,0.00159144588346572,0.000578186821018951
Run 2,1011c,X,CV (%),1011c-X-3,13.6828541204885,7.63028969714964,100.06781540602,31.6539640406993,16.4005783379049,20.5213818736697,35.8308347592296,67.0325652790574,66.0350988989925,80.303725141521
Run 4,1011c,XI,Average,1011c-XI-1,0.225791333333333,0.13495,0.140485666666667,0.0562733333333333,0.017106,0.503943666666667,0.0238373333333333,0.0245123333333333,0.0229246666666667,0.00729533333333333
Run 4,1011c,XI,SD,1011c-XI-2,0.148392500687647,0.0405332564568898,0.0330750403527091,0.0309762331850297,0.00757321411291137,0.2195535587148,0.0168389527683088,0.0197106604996721,0.0204933124295057,0.00226463161095427
Run 4,1011c,XI,CV (%),1011c-XI-3,65.7210790586798,30.0357587676101,23.5433558009778,55.0460250889048,44.2722677008732,43.5670836319932,70.6410928304711,80.4111964031935,89.3941566413427,31.0421951606635
Run 4,1011c,XII,Average,1011c-XII-1,0.138602666666667,0.127221666666667,0.128902333333333,0.0388446666666667,0.0125906666666667,0.012224,0.0126213333333333,0.012038,0.00868033333333333,0.00739933333333333
Run 4,1011c,XII,SD,1011c-XII-2,0.0112707574871139,0.00503945099523086,0.0135165593378394,0.00770601870834307,0.00287583732734196,0.00124142539042828,0.00122334881915721,0.00312846080365409,0.000331578547758044,0.0016564438817338
Run 4,1011c,XII,CV (%),1011c-XII-3,8.13170320468621,3.96115781790118,10.4858919061507,19.8380353588045,22.8410250503703,10.1556396468282,9.69270668041316,25.9882106965783,3.81988265916874,22.3863935724002
Run 4,1011c,XIII,Average,1011c-XIII-1,0.135000333333333,0.108484666666667,0.128372333333333,0.0330526666666667,0.0147896666666667,1.737143,0.014206,0.0131963333333333,0.006285,0.00613933333333333
Run 4,1011c,XIII,SD,1011c-XIII-2,0.0249736697810581,0.0173425745589671,0.00550086550765726,0.0101820348817578,0.000912082415866753,1.56157383558415,0.00445564989647975,0.00132644047485492,0.000491738751777811,0.00382731254711884
Run 4,1011c,XIII,CV (%),1011c-XIII-3,18.4989689761691,15.9861988720068,4.2850864861774,30.8054868445041,6.16702483175247,89.8932232743159,31.364563539911,10.0515835827244,7.82400559710121,62.340849393835
Run 5,1011c,XIV,Average,1011c-XIV-1,0.563686666666667,0.27392,0.201018,0.0521586666666667,0.103721,0.943188666666667,0.0700783333333333,0.0313056666666667,0.0159303333333333,0.027982
Run 5,1011c,XIV,SD,1011c-XIV-2,0.11972608206374,0.0403046688610637,0.0241046420218181,0.0172890516030618,0.0310578155542208,1.0584003251253,0.0217550521105635,0.00186170361049586,0.00699868132817414,0.0137399242719893
Run 5,1011c,XIV,CV (%),1011c-XIV-3,21.2398286395054,14.7140292279,11.991285368384,33.1470352061565,29.9436136888584,112.215123286606,31.0439062628442,5.94685821681652,43.9330501235012,49.1027241512018
Run 2,1011c,XV,Average,1011c-XV-1,0.862046666666667,0.0633533333333333,0.00656666666666667,0.0271266666666667,0.00139333333333333,0.01008,0.00163666666666667,0.0066,0.00278666666666667,0.0004
Run 2,1011c,XV,SD,1011c-XV-2,0.0989262560361673,0.0244174370754454,0.00437609795746546,0.00903902834011119,0.000526339560866684,0.00319380650634944,0.0015126907593204,0.0041494939450492,0.00126005290894205,0.000195192212959431
Run 2,1011c,XV,CV (%),1011c-XV-3,11.4757425394024,38.5416769579797,66.6410856466821,33.3215593761779,37.7755665693793,31.6845883566413,92.4250973108185,62.8711203795333,45.2172096510304,48.7980532398578
Run 5,1011c,XVI,Average,1011c-XVI-1,0.713962,0.24848,0.186858333333333,0.0832743333333333,0.079368,2.03701533333333,0.071694,0.054313,0.017082,0.0211536666666667
Run 5,1011c,XVI,SD,1011c-XVI-2,0.163430785591332,0.0699906758647179,0.0322216777392695,0.0180427799779672,0.0182100679844969,3.50443749909316,0.0153773055832288,0.017564495808306,0.00432229429817082,0.0108085278522717
Run 5,1011c,XVI,CV (%),1011c-XVI-3,22.8906840407938,28.1675289217313,17.2439072769582,21.6666759801546,22.9438413271053,172.037855667909,21.4485250972589,32.3393953718373,25.3032098007893,51.0952924738265
Run 5,1011c,XVII,Average,1011c-XVII-1,0.505011333333333,0.240252666666667,0.254519333333333,0.076856,0.0813093333333333,0.246724666666667,0.0557373333333333,0.0461473333333333,0.014491,0.0124123333333333
Run 5,1011c,XVII,SD,1011c-XVII-2,0.102061702485964,0.0349779908847454,0.0412980645228482,0.01351585339518,0.0240729539178999,0.405776514241933,0.0414277410961946,0.0325209433801256,0.00427222799017094,0.00666318072194754
Run 5,1011c,XVII,CV (%),1011c-XVII-3,20.2097845631116,14.5588356500013,16.2259047208653,17.5859443572135,29.6066305441359,164.465320684839,74.3267368900461,70.4719883708534,29.4819404469736,53.6819350802768
Run 5,1011c,XVIII,Average,1011c-XVIII-1,0.657343,0.281411,0.261482666666667,0.108157666666667,0.0729243333333333,0.010215,0.0404353333333333,0.0412656666666667,0.0164343333333333,0.0245566666666667
Run 5,1011c,XVIII,SD,1011c-XVIII-2,0.313709322027574,0.0888327978676795,0.0923565944009053,0.0564463124954441,0.0172991312594978,0.00699139821494957,0.0114805641992601,0.00404049704038171,0.010306080211862,0.00718591464834737
Run 5,1011c,XVIII,CV (%),1011c-XVIII-3,47.7238400694271,31.5669244868465,35.3203505143382,52.1889147899307,23.722028668297,68.4424690646067,28.3924064743544,9.79142557666593,62.7106679828531,29.2625817090296
Run 6,1011c,XIX,Average,1011c-XIX-1,1.118707,0.119582666666667,0.088123,0.107116,0.0154816666666667,0.392286,0.017786,0.0178753333333333,0.014138,0.009292
Run 6,1011c,XIX,SD,1011c-XIX-2,0.21016499478505,0.0406253596948179,0.0241834902154342,0.0316464428964773,0.0121855472315909,0.219307558079971,0.0158546377757425,0.0167348173677914,0.0113344688009628,0.00300512828345147
Run 6,1011c,XIX,CV (%),1011c-XIX-3,18.7864199281,33.9726156200044,27.4428812176551,29.5440857542079,78.7095310469859,55.905017788035,89.1411097253036,93.6196100834936,80.170241908069,32.3410275877257
Run 6,1011c,XX,Average,1011c-XX-1,0.407247,0.076385,0.0591206666666667,0.0326066666666667,0.0130496666666667,1.665131,0.00548133333333333,0.00544066666666667,0.00476666666666667,0.004806
Run 6,1011c,XX,SD,1011c-XX-2,0.0795589228622409,0.0141914970669059,0.00438235944821204,0.0127440559216183,0.00571794773789804,1.31589377463418,0.00297965456610885,0.000716973035290263,0.000370837340802316,0.00146645115840931
Run 6,1011c,XX,CV (%),1011c-XX-3,19.5357910217241,18.5789056318726,7.4125677115933,39.084203398952,43.8168106814838,79.0264414411947,54.3600322204242,13.1780364285675,7.77980435249613,30.5129246443885
Run 2,T2,NI,Average,T2-NI-1,0.0193166666666667,0.00424333333333333,0.00438666666666667,0.00591666666666667,0.000996666666666667,0.0145833333333333,0.000193333333333333,0.00053,0.00343333333333333,0.00106333333333333
Run 2,T2,NI,SD,T2-NI-2,0.00512773179225799,0.00368133580828119,0.00152001096487273,0.00221251741989376,0.000499733262184271,0.0101351385453448,0.0000416333199893227,0.000238117617995813,0.00194158011252004,0.00152454364756583
Run 2,T2,NI,CV (%),T2-NI-3,26.5456348175564,86.755753533728,34.6507058861564,37.3946606179227,50.1404610887228,69.4980928823645,21.5344758565463,44.9278524520402,56.5508770636905,143.374010742868
Run 3,T2,NI,Average,T2-NI-1,0.05189,0.0108653333333333,0.00880666666666667,0.0108873333333333,0.00115466666666667,0.271127333333333,0.0200236666666667,0.0127456666666667,0.00952366666666667,0.0101646666666667
Run 3,T2,NI,SD,T2-NI-2,0.00510724201502141,0.00544761455440208,0.00131268820872793,0.00142083121211963,0.000725559324475493,0.291372772331825,0.0239645878815667,0.00922031503438648,0.00956506708462274,0.0153246456511507
Run 3,T2,NI,CV (%),T2-NI-3,9.84243980539875,50.1375741293603,14.9056193269636,13.0503142378265,62.8371239441822,107.467133154591,119.681316516622,72.3407827579553,100.434710909202,150.763877987315
Run 4,T2,NI,Average,T2-NI-1,0.298414,0.0432303333333333,0.02953,0.0283883333333333,0.0107326666666667,0.189790666666667,0.0202653333333333,0.015499,0.0147823333333333,0.006814
Run 4,T2,NI,SD,T2-NI-2,0.0252771027611948,0.0192012838199255,0.010149853644265,0.00827240571619486,0.00278064998396658,0.300106635681941,0.00613801322361995,0.00220847707708276,0.0059652430238284,0.00363962374429006
Run 4,T2,NI,CV (%),T2-NI-3,8.47048153276817,44.4162289285891,34.3713296453268,29.1401598644803,25.9082860795693,158.125075881115,30.2882421061581,14.2491585075344,40.3538662626226,53.4139087803061
Run 5,T2,NI,Average,T2-NI-1,3.09567133333333,0.567091666666667,0.429529333333333,0.34591,0.0591176666666667,1.493314,0.141218,0.0838033333333333,0.110976333333333,0.029156
Run 5,T2,NI,SD,T2-NI-2,0.902463968015529,0.145442397451133,0.12203169592091,0.199154950297501,0.019844053273798,1.81835714335138,0.0427085175930985,0.0175793649581927,0.0616862129274713,0.00990186351148106
Run 5,T2,NI,CV (%),T2-NI-3,29.152447751738,25.6470701299554,28.4105616195968,57.5742101406438,33.5670441556635,121.766563720114,30.2429701547243,20.9769280754855,55.585016259447,33.9616665917172
Run 6,T2,NI,Average,T2-NI-1,1.78580766666667,0.0408893333333333,0.027049,0.043812,0.016469,0.745552666666667,0.0123956666666667,0.008891,0.0190976666666667,0.0102906666666667
Run 6,T2,NI,SD,T2-NI-2,0.109377814854445,0.00928677911513639,0.0022711356190241,0.00890661826957909,0.00449915736555191,0.382836145712932,0.00491158552132948,0.00209437245971198,0.00647390070462417,0.00725147635542814
Run 6,T2,NI,CV (%),T2-NI-3,6.12483734368808,22.7119846621851,8.39637553707753,20.3291752706544,27.318946903588,51.3493094223075,39.6234075456165,23.556095599055,33.8989093150515,70.4665362344012
Run 2,T2,R,Average,T2-R-1,29.0698033333333,2.14065,0.775433333333333,2.22769666666667,0.0106333333333333,0.0284733333333333,0.0265366666666667,0.00343333333333333,0.114126666666667,0.00288
Run 2,T2,R,SD,T2-R-2,2.74107099295756,0.45329492860609,0.373795212159457,0.25422053936166,0.00423119762399883,0.00506977645792527,0.00157048824679885,0.00205918268575989,0.0568781472389294,0.00110013635518512
Run 2,T2,R,CV (%),T2-R-3,9.42927257376548,21.1755741763525,48.2046871202498,11.4118112742007,39.7918271849421,17.8053493020087,5.91818206305306,59.9761947308706,49.8377363504842,38.1991789994833
Run 2,T2,CAPE,Average,T2-CAPE-1,0.945863333333333,0.00899666666666667,0.0188466666666667,0.02091,0.0179033333333333,0.00326,0.00223666666666667,0.00555,0.00448666666666667,0.00185333333333333
Run 2,T2,CAPE,SD,T2-CAPE-2,0.185489325928295,0.00101529962736787,0.00783291346392473,0.00257495631030897,0.007872562056493,0.00298799263720646,0.00196632482904868,0.00679070688514826,0.00147330693792344,0.00252472440740239
Run 2,T2,CAPE,CV (%),T2-CAPE-3,19.6105842558257,11.2852867065714,41.5612670530141,12.3144730287373,43.9726050446454,91.6562158652288,87.9131816266175,122.35507901168,32.8374503251881,136.226137090057
Run 2,T2,CAC,Average,T2-CAC-1,0.985133333333333,0.0558133333333333,0.01006,0.02774,0.00373,0.00180333333333333,0.000716666666666667,0.00122333333333333,0.00488,0.00316
Run 2,T2,CAC,SD,T2-CAC-2,0.305772255826675,0.0364653483917723,0.00203280594253362,0.013777155003846,0.00364226577833085,0.00116440256498057,0.000620671679177754,0.000181475434517549,0.00147091808065575,0.000163707055437449
Run 2,T2,CAC,CV (%),T2-CAC-3,31.0386671002242,65.3344751405381,20.2068185142507,49.6653028256885,97.6478760946609,64.5694583168524,86.6053505829424,14.8345041839959,30.1417639478637,5.18060302017244
Run 3,T2,I,Average,T2-I-1,0.038505,0.00864566666666667,0.009438,0.0121183333333333,0.00246533333333333,2.28811366666667,0.00936133333333333,0.00756466666666667,0.00463,0.00219233333333333
Run 3,T2,I,SD,T2-I-2,0.0163893880605714,0.0028337179346811,0.00436233561294864,0.00201589690543275,0.000323663920345369,3.71343598016666,0.00331440271139965,0.00230643151498876,0.00097378591076273,0.00177234486862273
Run 3,T2,I,CV (%),T2-I-3,42.5643112857328,32.7761645681586,46.2209749199898,16.6351003061429,13.1286068285034,162.292461002447,35.4052418964498,30.4895326736859,21.0320931050266,80.842855494423
Run 3,T2,II,Average,T2-II-1,0.058985,0.007802,0.007547,0.007613,0.001175,0.171927333333333,0.0168516666666667,0.0132393333333333,0.00241666666666667,0.000466666666666667
Run 3,T2,II,SD,T2-II-2,0.01667211516275,0.000897500417827201,0.00282437125746599,0.00256490955006215,0.000272060655001784,0.101447802545611,0.0085667173604207,0.0109243399953193,0.00103202051013211,0.000346007707043258
Run 3,T2,II,CV (%),T2-II-3,28.2650083288124,11.5034660065009,37.4237611960513,33.6911802188644,23.1540982980242,59.0062095297691,50.8360242928732,82.5142756079309,42.7042969709838,74.1445086521267
Run 3,T2,III,Average,T2-III-1,0.032284,0.00537566666666667,0.163567333333333,0.00719666666666667,0.000986,0.0926843333333333,0.00778366666666667,0.005754,0.00454466666666667,0.000933333333333333
Run 3,T2,III,SD,T2-III-2,0.00391915386276171,0.00117169506840873,0.273980742853094,0.00243607601140304,0.000200269817995623,0.0416831182414816,0.00210411366929958,0.00203287358190321,0.000311976494841091,0.000128958649703435
Run 3,T2,III,CV (%),T2-III-3,12.1396167227162,21.7962746030023,167.503337781237,33.8500603715105,20.3113405675074,44.9732082460699,27.0324226281476,35.3297459489609,6.86467276311627,13.8169981825109
Run 2,T2,IV,Average,T2-IV-1,0.807103333333333,0.02574,0.00650333333333333,0.0247333333333333,0.00254,0.0177166666666667,0.00033,0.00089,0.00402,0.00248333333333333
Run 2,T2,IV,SD,T2-IV-2,0.0933310464600785,0.0177452557039903,0.00174046928537488,0.0107717098611749,0.000386910842443062,0.0145592112881616,0.0000608276253029822,0.000511761663276959,0.000659621103361619,0.000353883219909243
Run 2,T2,IV,CV (%),T2-IV-3,11.5637047457878,68.9403873503897,26.7627260693216,43.5513875788743,15.232710332404,82.1780505446561,18.4326137281764,57.5013104805572,16.4084851582492,14.2503310030568
Run 2,T2,V,Average,T2-V-1,0.604986666666667,0.0671966666666667,0.0200266666666667,0.0400233333333333,0.02019,0.00861666666666667,0.00423333333333333,0.000996666666666667,0.0142666666666667,0.00333
Run 2,T2,V,SD,T2-V-2,0.240920145345576,0.0563794726237603,0.00797108733695305,0.0255372694964308,0.0168101070787785,0.00450200325781016,0.00431442155257612,0.000165025250593154,0.022811966888748,0.00483403558116818
Run 2,T2,V,CV (%),T2-V-3,39.8223892557813,83.9021865525477,39.8023668622821,63.8059536014762,83.2595694837964,52.2476200132707,101.915469745893,16.5577174508181,159.896964173467,145.166233668714
Run 2,T2,VII,Average,T2-VII-1,2.70511,0.229773333333333,0.296816666666667,0.0641266666666667,0.07476,0.0105233333333333,0.0459833333333333,0.2287,0.05013,0.0293866666666667
Run 2,T2,VII,SD,T2-VII-2,2.36030656915579,0.255184696314911,0.509020115155908,0.0781450397231541,0.122066334834794,0.00851653881182569,0.0785284702087933,0.39187670969324,0.0848098927012645,0.047583347227085
Run 2,T2,VII,CV (%),T2-VII-3,87.2536262538599,111.059317725401,171.493104101041,121.860442441762,163.277601437659,80.930048892864,170.775941012236,171.349676297875,169.179917616726,161.921553631187
Run 3,T2,VIII,Average,T2-VIII-1,0.00676833333333333,0.00222733333333333,0.00224566666666667,0.00155166666666667,0.000455666666666667,0.190983,0.00282933333333333,0.00167366666666667,0.00108833333333333,0.000332666666666667
Run 3,T2,VIII,SD,T2-VIII-2,0.000790297623261853,0.00028808389981624,0.000473856870091944,0.000235296267147044,0.0000566068311543168,0.209311171983246,0.00101539023696968,0.00089529901895028,0.000366131579262611,0.000276684537575437
Run 3,T2,VIII,CV (%),T2-VIII-3,11.6763992602096,12.9340272291039,21.1009441929023,15.1640988494335,12.4228597997769,109.596755723413,35.887967847656,53.4932694055135,33.6414927346964,83.171704681995
Run 2,T2,IX,Average,T2-IX-1,0.634006666666667,0.02693,0.00667,0.0122566666666667,0.00637666666666667,0.00522333333333333,0.000573333333333333,0.000606666666666667,0.00275666666666667,0.00336
Run 2,T2,IX,SD,T2-IX-2,0.412191960660726,0.0189515988771396,0.00348104869256378,0.00263820646146835,0.00503024187622557,0.00122312441449484,0.00011060440015358,0.000246644143115812,0.00128974157618235,0.00299951662772521
Run 2,T2,IX,CV (%),T2-IX-3,65.0138211996813,70.3735569147404,52.1896355706714,21.5246651737967,78.8851313574318,23.4165490969019,19.2914651430663,40.6556279861228,46.7862724129026,89.2713282061074
Run 2,T2,X,Average,T2-X-1,5.47672333333333,0.36937,0.65479,0.06421,0.31348,0.01939,0.09839,0.426783333333333,0.0487833333333333,0.117953333333333
Run 2,T2,X,SD,T2-X-2,2.73135534660603,0.177038291620768,0.369714961152507,0.0232912537232327,0.180825417461152,0.00977311107068778,0.0531092562553836,0.311784961525301,0.0221733947182955,0.0882082605731081
Run 2,T2,X,CV (%),T2-X-3,49.8720709512932,47.9297971196275,56.4631349215026,36.2735613194716,57.6832389502207,50.4028420355223,53.9783069980522,73.0546244836102,45.4528077587199,74.7823381335345
Run 4,T2,XI,Average,T2-XI-1,0.265917,0.042604,0.0241266666666667,0.018241,0.01006,0.210971333333333,0.013477,0.011335,0.00767033333333333,0.005089
Run 4,T2,XI,SD,T2-XI-2,0.0262153533640117,0.012585605388697,0.00507251775091358,0.0019806789240056,0.00127797809057902,0.144075999647177,0.00178235434187481,0.000859959882785238,0.00133368262091599,0.000905150263768398
Run 4,T2,XI,CV (%),T2-XI-3,9.85847214131165,29.5409008278495,21.0245278429687,10.8583900225075,12.7035595484992,68.291742470783,13.225156502744,7.58676561786712,17.3875444906696,17.7864072267321
Run 4,T2,XII,Average,T2-XII-1,0.206918333333333,0.060488,0.0430203333333333,0.018534,0.013164,0.0366723333333333,0.016209,0.0141806666666667,0.007903,0.007365
Run 4,T2,XII,SD,T2-XII-2,0.0443044800932517,0.0105917203985,0.0150489400734182,0.00222363823496539,0.00357261011026952,0.024781167977586,0.00404183262889497,0.00140026330857212,0.00197001903544103,0.00200817852792026
Run 4,T2,XII,CV (%),T2-XII-3,21.4115778817336,17.5104490122008,34.9809936543608,11.9976164614513,27.1392442287262,67.5745602341075,24.9357309451229,9.87445330665307,24.9274836826652,27.2665109018365
Run 4,T2,XIII,Average,T2-XIII-1,0.15152,0.0369166666666667,0.0251503333333333,0.0154103333333333,0.010297,4.979554,0.013242,0.0122133333333333,0.00804033333333333,0.00663633333333333
Run 4,T2,XIII,SD,T2-XIII-2,0.0633054379733684,0.0198077142127337,0.0122832520259634,0.00973672359335179,0.00317948219054613,7.16648139791879,0.00732841531301277,0.00768781635663426,0.00613165110988332,0.00224555768871195
Run 4,T2,XIII,CV (%),T2-XIII-3,41.7802520943561,53.6552077997301,48.8393209869853,63.1830823042016,30.8777526517056,143.918138008319,55.3422089791026,62.9460946230973,76.2611555476554,33.837325160158
Run 5,T2,XIV,Average,T2-XIV-1,1.75110366666667,0.328036,0.246783,0.0814686666666667,0.172924,0.557221,0.136134333333333,0.075544,0.0211293333333333,0.0412726666666667
Run 5,T2,XIV,SD,T2-XIV-2,0.317254936236354,0.0267493713384072,0.0302043703956894,0.0308221064227177,0.0239063695068908,0.638112614859634,0.0163686100305839,0.015461795141574,0.00181394634246257,0.012423729405188
Run 5,T2,XIV,CV (%),T2-XIV-3,18.117427441647,8.15440114451072,12.239242733774,37.8330807214852,13.824784013145,114.516971696981,12.0238661546932,20.467270917047,8.58496722942468,30.1015912190182
Run 2,T2,XV,Average,T2-XV-1,0.597353333333333,0.0158066666666667,0.0118866666666667,0.0284033333333333,0.0138566666666667,0.00876,0.00094,0.00749333333333333,0.00254333333333333,0.0035
Run 2,T2,XV,SD,T2-XV-2,0.0312594343092343,0.0207874345058098,0.0080251687417358,0.0106852998710066,0.00291110517387011,0.00303145179740665,0.000807279381626956,0.00280715751843984,0.000705998111423347,0.00241503623161227
Run 2,T2,XV,CV (%),T2-XV-3,5.23298901419054,131.510551491837,67.5140387695102,37.6198798415912,21.0086974299021,34.6056141256467,85.8807852794634,37.4620665272221,27.7587724019665,69.001035188922
Run 5,T2,XVI,Average,T2-XVI-1,2.16237,0.332564666666667,0.275005666666667,0.111797333333333,0.0909493333333333,0.310417,0.0910763333333333,0.0676206666666667,0.0319326666666667,0.0396053333333333
Run 5,T2,XVI,SD,T2-XVI-2,0.326273631035363,0.0416669444804072,0.0568416540077198,0.0460890434521409,0.0272379946826732,0.493865639793861,0.0588437918079158,0.0399304796030968,0.00589697331970676,0.0131302990953494
Run 5,T2,XVI,CV (%),T2-XVI-3,15.0887050336142,12.5289751608431,20.6692664542863,41.2255302322128,29.9485369319253,159.097484929582,64.6093113921829,59.0507038327978,18.4668990575171,33.1528559167521
Run 5,T2,XVII,Average,T2-XVII-1,1.984488,0.326231,0.321533,0.0804406666666667,0.137066,14.313177,0.140448666666667,0.110116333333333,0.0401583333333333,0.039787
Run 5,T2,XVII,SD,T2-XVII-2,0.489663271760299,0.0651632171013679,0.0424435113179859,0.0277111577588042,0.0166285315948222,11.0336262805956,0.0539775474093936,0.0300476150856159,0.029333523643322,0.00666372515939846
Run 5,T2,XVII,CV (%),T2-XVII-3,24.6745393149416,19.9745631473918,13.2003593155247,34.4491895792396,12.1317698005502,77.0871923165318,38.4322248765101,27.2871554800674,73.0446739406234,16.7484986538278
Run 5,T2,XVIII,Average,T2-XVIII-1,2.391172,0.195308666666667,0.162686,0.065538,0.0731773333333333,0.151483,0.054565,0.0435586666666667,0.019321,0.0191736666666667
Run 5,T2,XVIII,SD,T2-XVIII-2,0.586526211057102,0.0435649465090149,0.0414252505001479,0.0137128068242793,0.0162518001874664,0.19114535785365,0.00681898548172674,0.0213165609874889,0.00516781065829622,0.0091999366483326
Run 5,T2,XVIII,CV (%),T2-XVIII-3,24.5288172936578,22.3056903989658,25.4633161428444,20.9234441458075,22.2087898631631,126.182712154928,12.4969952931856,48.9375883578214,26.7471179457389,47.9821455555323
Run 6,T2,XIX,Average,T2-XIX-1,2.34410866666667,0.0252773333333333,0.0151893333333333,0.029178,0.00999333333333333,0.669718666666667,0.00504833333333333,0.006302,0.0109156666666667,0.007275
Run 6,T2,XIX,SD,T2-XIX-2,0.143823105759587,0.000325883926165948,0.00293335717793339,0.00674720297604867,0.0036935961248265,0.501479055888013,0.0021224764623744,0.00136341336358421,0.00145083849319396,0.00103466081398688
Run 6,T2,XIX,CV (%),T2-XIX-3,6.13551358794744,1.28923380432778,19.311954735341,23.1242819111957,36.9606016493646,74.8790620371956,42.0431124933853,21.6346138302794,13.2913411292084,14.2221417730155
Run 6,T2,XX,Average,T2-XX-1,1.637779,0.0287996666666667,0.0149166666666667,0.0230076666666667,0.0115153333333333,2.53678266666667,0.00855533333333333,0.00769466666666667,0.012578,0.00876733333333333
Run 6,T2,XX,SD,T2-XX-2,0.103618103997323,0.0052338949486337,0.00830706580769247,0.00209899841194159,0.00152171493169165,1.14616877439858,0.00459579920507123,0.00234353266103405,0.00197229485625248,0.000837964995291172
Run 6,T2,XX,CV (%),T2-XX-3,6.32674518340527,18.1734566903565,55.6898266437483,9.12303903890697,13.2146841749406,45.1819854124376,53.7185288522313,30.4565845741732,15.6805124523174,9.55780923836027